,Agriculture ,Mining and quarrying ,Manufacturing ,"Electricity, gas, steam and air conditioning supply ","Water supply; sewerage, waste management and remediation activities ",Construction ,Wholesale and retail trade and repair of motor vehicles and motorcycles ,Transportation and storage ,Accommodation and food service activities ,Information and communication ,Financial and insurance activities ,Real estate activties  ,"Professional, scientific and technical activties ",Administrative and support service activities ,Public administation and defence; compulsory social security ,Education ,Human health and social work activities ,"Arts, entrainment and recreation ",Other service activties  ,Activities of households as employers ,date
0,51.9,405.1,64.2,85.1,116.4,88.7,76.6,72.2,80.9,8.4,68.3,65.8,52.3,52.1,87.1,92.8,65.8,85.6,93.2,84.1,1997-01-01
1,52.6,388.8,64.9,82.8,117.0,89.4,77.7,72.7,80.6,8.7,68.8,67.4,51.9,52.4,87.2,93.8,66.4,85.5,95.5,75.9,1997-02-01
2,53.3,377.6,64.2,78.5,117.8,90.3,79.7,72.1,80.3,8.8,68.3,67.4,52.7,52.4,87.2,93.0,66.5,86.9,96.5,74.1,1997-03-01
3,54.6,377.1,65.8,83.7,120.2,92.7,82.3,73.3,81.7,8.8,68.9,66.6,51.8,51.0,88.1,92.3,66.9,89.7,96.3,79.3,1997-04-01
4,55.3,371.7,65.4,86.2,118.9,93.1,77.8,74.3,81.2,9.0,68.0,65.7,52.5,51.7,88.1,91.3,66.8,89.8,92.4,85.5,1997-05-01
5,55.9,372.2,65.6,86.2,119.0,92.8,80.5,74.5,81.0,9.1,68.8,65.2,52.7,52.1,88.1,91.1,66.9,87.4,91.0,90.8,1997-06-01
6,56.6,387.0,66.9,88.2,119.6,92.6,80.0,75.5,80.2,9.1,69.5,64.9,53.7,52.6,88.3,92.8,67.0,82.9,88.1,86.2,1997-07-01
7,57.1,380.8,66.0,87.0,121.6,92.2,80.6,76.6,80.5,9.3,69.1,64.7,54.2,54.0,88.0,94.1,67.0,78.9,89.7,88.0,1997-08-01
8,57.7,377.4,66.6,86.6,120.5,92.7,81.2,76.7,81.3,9.7,66.1,64.2,54.6,53.5,87.4,95.0,67.1,78.6,93.7,88.9,1997-09-01
9,58.5,388.2,67.5,87.5,117.7,94.2,80.7,79.4,83.2,10.1,63.8,64.1,55.9,53.2,86.9,95.7,67.4,81.7,91.8,87.9,1997-10-01
10,59.4,377.4,68.0,86.2,116.5,95.7,79.1,81.5,84.6,10.6,63.9,63.9,55.2,54.3,87.5,95.6,67.6,84.6,96.3,87.3,1997-11-01
11,60.5,376.3,68.2,86.3,117.6,97.1,79.7,81.7,84.6,10.9,68.6,63.8,55.5,51.9,89.4,95.0,67.7,86.1,94.5,86.4,1997-12-01
12,61.5,383.2,68.1,82.9,121.8,97.9,77.6,79.9,82.6,10.7,75.9,63.8,53.7,50.9,86.8,93.9,68.1,80.5,93.1,84.6,1998-01-01
13,62.5,371.5,68.8,85.7,124.9,98.2,79.0,81.3,81.6,10.5,77.4,64.4,55.3,50.8,88.5,94.0,68.1,77.6,91.0,83.3,1998-02-01
14,63.2,373.3,69.3,87.0,124.7,97.6,76.8,81.3,80.8,10.7,75.8,64.8,54.8,50.8,89.0,93.9,68.2,74.8,91.5,81.8,1998-03-01
15,63.6,375.3,69.4,90.8,123.0,96.3,79.3,81.8,80.8,11.2,73.9,65.0,56.0,52.6,88.5,95.1,67.9,72.3,91.4,84.2,1998-04-01
16,64.3,374.0,69.1,86.0,122.2,95.5,76.1,83.3,81.1,11.6,71.4,64.8,58.2,54.0,87.9,96.0,67.9,73.2,92.2,82.5,1998-05-01
17,65.2,372.1,69.5,89.8,116.0,95.5,77.9,81.7,81.1,11.8,69.9,64.8,57.5,53.4,87.7,96.2,67.8,75.8,90.3,80.7,1998-06-01
18,65.9,358.6,69.6,90.6,114.3,95.6,79.1,83.0,80.8,12.0,69.6,65.1,56.9,52.5,88.3,95.7,67.7,79.5,90.0,81.7,1998-07-01
19,66.3,364.3,69.7,92.6,115.6,96.4,77.6,83.4,80.7,12.5,68.5,65.2,57.8,53.5,88.7,95.0,67.9,82.1,90.3,81.4,1998-08-01
20,66.3,366.8,69.9,94.4,112.9,97.3,77.9,83.1,80.9,12.5,66.8,65.7,58.0,52.5,89.1,94.1,68.1,82.0,92.6,82.1,1998-09-01
21,66.2,362.2,69.8,97.2,113.6,98.0,76.9,83.0,81.3,13.0,64.9,66.1,59.5,54.2,88.9,93.8,68.2,80.3,89.4,82.2,1998-10-01
22,66.9,361.2,69.8,100.6,114.3,98.7,78.0,85.0,82.1,13.3,63.6,66.5,58.8,55.1,88.6,93.7,68.3,78.6,93.8,81.6,1998-11-01
23,68.6,364.7,70.3,100.8,110.3,99.5,79.6,84.4,81.5,13.3,62.5,66.5,59.2,53.9,88.5,94.0,68.3,78.6,92.2,79.0,1998-12-01
24,70.9,365.4,71.4,103.4,109.6,100.5,76.9,84.4,82.0,13.2,63.8,66.7,59.0,54.8,88.7,94.5,68.4,78.5,88.9,75.2,1999-01-01
25,72.7,368.2,71.3,108.4,107.2,101.0,77.3,85.2,81.2,13.4,66.7,66.5,59.2,53.3,88.7,95.0,68.2,79.3,86.8,74.4,1999-02-01
26,73.4,367.4,72.1,109.7,106.2,101.2,77.2,87.3,81.2,13.3,68.4,66.1,57.1,51.2,88.8,95.4,67.8,80.7,87.1,77.0,1999-03-01
27,73.5,369.2,71.7,110.1,109.0,101.5,75.5,85.0,81.5,13.3,68.4,65.6,56.8,52.4,88.5,95.6,67.6,79.6,87.8,83.5,1999-04-01
28,73.5,365.6,72.6,110.7,109.1,101.9,75.2,89.3,82.3,13.6,69.0,65.8,59.9,53.2,88.5,96.2,67.4,79.8,89.4,86.4,1999-05-01
29,73.8,358.9,72.4,114.2,108.7,102.8,76.4,87.3,82.4,13.9,68.5,66.3,58.6,52.4,88.5,96.4,67.2,79.5,89.4,86.3,1999-06-01
30,74.2,372.1,73.0,112.8,110.0,103.5,75.9,88.6,83.1,14.4,68.6,67.1,59.6,52.9,88.3,96.9,67.2,79.3,88.0,82.2,1999-07-01
31,75.0,372.4,73.6,115.2,108.7,104.0,76.3,88.4,83.0,14.7,69.2,67.5,59.6,52.6,88.1,97.1,67.4,78.2,87.0,83.4,1999-08-01
32,75.7,366.7,74.5,110.0,110.2,103.9,77.1,87.4,83.1,15.0,71.2,67.8,60.3,52.4,87.8,97.6,67.6,78.1,81.6,88.5,1999-09-01
33,76.1,366.3,73.7,113.2,111.9,103.3,78.3,86.4,84.2,15.0,73.6,67.6,62.9,54.0,87.3,97.8,67.7,79.0,82.5,92.0,1999-10-01
34,76.5,369.9,74.5,108.5,113.4,103.1,79.7,85.9,84.5,15.5,74.0,67.7,63.2,54.3,87.1,97.6,67.5,80.5,81.1,93.9,1999-11-01
35,76.8,358.6,73.7,104.8,113.5,103.4,81.2,86.8,84.7,15.6,72.2,67.5,62.6,54.5,86.9,97.4,67.1,81.4,82.6,88.7,1999-12-01
36,77.7,357.9,74.6,100.8,114.5,104.9,82.0,90.2,86.8,16.1,77.9,66.9,61.5,56.7,86.8,97.5,67.2,83.1,89.5,83.6,2000-01-01
37,78.1,362.2,75.2,96.7,112.2,105.3,83.5,89.1,85.5,16.6,73.2,67.0,60.8,52.9,86.8,95.9,66.9,83.4,89.7,80.8,2000-02-01
38,78.8,356.1,75.4,93.1,109.2,105.2,83.5,88.3,84.5,17.3,71.6,66.6,60.6,48.4,86.6,96.9,67.9,83.7,90.3,85.5,2000-03-01
39,79.1,339.5,75.5,91.4,112.3,103.7,84.2,87.4,83.9,17.5,73.0,66.1,63.8,53.4,85.7,97.0,68.7,80.3,89.1,98.2,2000-04-01
40,79.8,327.6,75.9,90.6,114.7,102.5,85.7,86.4,82.3,18.4,72.9,66.2,63.9,53.6,85.6,97.0,69.4,79.8,87.1,104.9,2000-05-01
41,80.4,341.0,76.3,87.0,117.9,101.1,85.0,86.5,81.4,19.5,73.2,66.1,64.8,53.8,85.5,97.2,69.9,79.6,86.9,104.7,2000-06-01
42,81.0,330.7,75.8,87.4,117.4,99.9,82.4,89.3,82.0,18.8,73.4,66.6,65.0,54.7,86.0,97.6,70.1,80.8,88.9,99.8,2000-07-01
43,81.6,324.0,77.0,89.6,118.0,99.5,87.0,89.0,81.5,19.6,72.3,66.6,63.8,55.0,85.9,97.5,70.1,79.5,87.1,95.7,2000-08-01
44,82.2,318.6,76.8,92.1,117.6,100.1,84.0,91.8,81.5,19.9,71.9,66.9,63.9,54.6,86.5,97.7,70.7,80.3,87.1,96.7,2000-09-01
45,82.5,309.0,77.0,95.3,117.8,101.1,84.4,90.3,80.7,20.0,72.7,67.1,63.0,54.7,86.9,98.1,71.3,80.5,82.5,95.5,2000-10-01
46,82.6,318.8,77.4,98.3,117.4,101.8,83.9,88.1,79.8,20.0,72.3,67.1,64.3,56.3,87.2,99.3,72.0,81.2,81.9,98.5,2000-11-01
47,82.0,311.7,79.5,101.7,119.0,101.6,82.7,88.5,80.2,19.8,72.9,67.0,63.9,58.5,87.3,100.5,72.6,81.8,81.7,98.5,2000-12-01
48,81.1,310.3,78.5,115.4,117.0,101.1,85.0,87.0,80.5,19.9,73.7,66.9,64.2,56.5,87.8,101.9,73.1,81.3,86.2,89.3,2001-01-01
49,79.8,307.2,78.8,114.4,118.3,100.9,83.3,86.7,81.2,20.4,72.9,66.8,63.9,57.8,87.9,102.3,73.9,83.7,84.0,86.6,2001-02-01
50,78.7,310.0,79.2,120.6,116.7,101.7,83.4,86.6,81.3,20.9,72.1,66.8,66.1,57.3,88.1,101.7,74.8,82.1,85.0,85.0,2001-03-01
51,77.9,317.0,79.1,127.7,116.2,102.7,81.8,87.8,81.6,20.6,70.6,67.1,65.6,58.1,88.8,99.1,75.8,84.1,85.2,103.2,2001-04-01
52,78.2,319.9,78.6,123.4,118.2,103.4,83.3,87.3,81.7,20.6,71.2,67.3,64.5,58.2,89.0,96.8,76.4,84.6,86.0,101.7,2001-05-01
53,79.9,307.7,79.9,123.6,116.8,103.1,83.3,88.3,82.4,20.9,71.5,67.1,66.2,58.7,88.9,95.8,77.0,81.3,83.1,101.0,2001-06-01
54,82.0,313.8,79.3,127.4,115.1,102.5,82.7,89.6,80.2,20.9,72.3,67.5,65.4,58.4,89.2,96.6,77.2,83.2,82.0,92.9,2001-07-01
55,82.9,316.2,80.6,129.0,111.0,101.8,84.2,88.4,82.0,20.2,72.5,67.5,66.6,57.7,89.3,97.1,77.2,82.6,81.6,91.7,2001-08-01
56,82.2,313.5,79.6,133.0,116.2,101.9,82.5,87.7,82.5,21.0,72.4,67.7,66.6,56.7,89.6,97.6,77.6,84.1,81.4,89.2,2001-09-01
57,81.2,306.3,79.7,126.4,113.9,102.3,84.5,85.1,81.6,21.7,71.8,67.9,67.3,55.4,89.8,97.1,77.7,86.0,83.4,88.3,2001-10-01
58,82.6,307.1,79.7,131.0,112.3,102.8,84.9,84.5,82.6,21.2,72.9,68.1,65.4,55.7,90.0,96.5,77.7,83.9,86.4,86.2,2001-11-01
59,87.6,313.2,79.1,128.0,113.1,102.8,84.0,84.0,82.8,21.3,73.4,68.3,65.9,55.7,89.8,96.4,77.5,85.4,84.9,85.1,2001-12-01
60,94.4,308.9,79.0,119.4,113.7,102.3,84.2,83.5,80.8,22.5,75.1,68.4,65.0,55.2,89.3,96.2,76.8,90.5,86.1,77.5,2002-01-01
61,99.8,299.4,79.8,114.7,112.0,101.7,83.5,83.5,81.7,22.3,75.0,68.1,66.7,55.4,88.7,96.3,76.6,85.8,85.3,76.8,2002-02-01
62,101.9,299.5,81.3,122.9,112.8,101.0,82.7,81.3,83.0,22.7,74.9,67.7,66.1,56.0,88.2,96.5,76.5,88.1,87.7,75.3,2002-03-01
63,101.7,307.5,79.2,111.8,113.2,101.0,85.8,82.8,82.7,23.0,75.6,67.7,68.5,58.7,89.0,96.5,76.6,86.9,85.3,76.4,2002-04-01
64,100.5,320.5,82.1,112.6,110.9,100.8,84.3,82.7,83.4,23.4,76.3,67.5,69.9,58.9,89.0,96.2,76.7,87.3,87.1,74.4,2002-05-01
65,99.9,308.9,76.7,119.7,109.3,101.2,80.9,81.1,84.2,21.9,76.6,67.6,67.4,55.1,89.4,95.9,76.9,89.0,85.9,72.4,2002-06-01
66,99.5,274.0,85.0,113.3,109.7,101.2,83.9,82.1,83.9,23.3,74.9,66.9,68.2,56.1,88.4,95.0,76.7,89.3,86.1,76.9,2002-07-01
67,99.8,281.3,84.7,110.2,109.8,102.0,83.1,83.1,86.0,23.5,76.1,67.1,69.5,56.6,88.0,94.6,76.9,91.8,87.5,75.5,2002-08-01
68,99.9,298.9,85.4,116.1,108.9,102.6,82.9,83.0,85.4,23.7,76.3,67.4,68.2,57.5,87.1,94.3,76.9,92.8,91.5,74.8,2002-09-01
69,100.0,303.4,84.0,113.9,108.7,103.2,83.7,81.7,87.0,24.6,77.4,68.2,67.2,57.9,87.1,94.2,77.1,89.6,88.2,72.0,2002-10-01
70,99.7,291.0,84.7,111.0,110.7,102.5,83.8,81.7,85.9,24.7,77.9,68.5,68.9,57.5,87.7,94.0,77.4,87.4,88.7,72.5,2002-11-01
71,99.3,297.0,84.5,123.2,114.7,101.0,83.2,81.7,86.2,25.0,77.6,68.6,67.3,57.2,90.3,93.6,77.8,90.6,84.6,73.5,2002-12-01
72,99.0,297.7,83.8,125.8,113.9,99.2,82.6,84.0,87.0,26.2,77.7,69.0,69.7,57.9,86.6,93.0,78.4,93.4,84.1,75.6,2003-01-01
73,98.7,303.5,84.5,127.3,116.4,98.0,82.1,84.0,86.2,26.4,77.7,69.0,70.7,58.2,88.9,92.7,79.0,95.2,83.4,73.6,2003-02-01
74,98.4,295.5,84.5,126.0,117.3,97.9,81.6,84.0,85.0,26.1,78.2,69.3,69.8,57.5,89.7,92.6,79.2,94.9,82.8,71.8,2003-03-01
75,98.2,280.1,84.6,126.7,115.6,98.7,84.9,86.3,86.7,27.3,77.6,69.9,70.3,56.9,89.4,93.3,79.3,97.4,83.0,60.5,2003-04-01
76,97.6,278.2,82.9,131.3,115.5,99.5,82.7,85.6,87.9,27.5,78.7,70.4,69.4,56.4,89.0,93.8,79.5,96.9,83.0,61.6,2003-05-01
77,96.8,273.9,83.5,133.0,116.9,100.0,83.4,86.4,85.8,27.7,79.4,70.7,70.5,57.9,89.0,93.9,79.8,97.2,83.4,65.5,2003-06-01
78,95.7,278.4,84.1,132.0,116.0,100.0,84.1,86.2,87.9,27.2,81.2,70.6,71.8,56.9,89.3,93.7,80.1,98.8,82.8,69.8,2003-07-01
79,94.6,276.7,84.3,133.0,117.5,99.9,83.0,86.6,86.8,27.6,80.0,70.7,72.2,58.4,89.7,93.6,80.8,100.0,82.4,67.3,2003-08-01
80,93.6,267.4,84.7,136.1,116.9,99.8,84.6,86.3,87.6,27.7,80.4,71.4,74.3,58.7,90.0,93.4,81.4,101.4,82.5,56.0,2003-09-01
81,92.5,278.6,86.3,137.5,115.8,99.6,84.2,86.0,87.7,28.0,79.0,71.4,76.3,58.5,89.6,94.1,81.9,101.4,82.7,47.8,2003-10-01
82,91.5,272.9,85.7,128.4,112.9,100.1,82.1,85.9,84.8,28.5,78.3,71.5,77.6,58.1,89.8,94.4,82.5,103.9,80.8,42.3,2003-11-01
83,90.5,268.9,85.7,134.6,110.2,100.9,83.4,86.2,86.6,29.7,76.9,71.3,78.4,58.5,90.0,94.9,82.5,102.0,81.3,48.3,2003-12-01
84,89.9,268.6,87.4,131.0,109.5,102.3,83.9,87.5,90.9,28.6,75.4,71.2,75.8,57.6,90.7,94.9,82.8,100.1,81.3,57.2,2004-01-01
85,88.8,267.5,87.3,129.6,107.9,102.3,84.3,87.1,90.2,28.7,75.6,70.9,75.0,59.0,90.9,93.9,82.4,103.5,82.4,68.5,2004-02-01
86,87.6,270.6,87.3,127.0,109.6,101.4,84.4,87.8,89.5,29.5,76.4,70.6,76.4,60.6,90.7,93.6,82.6,102.5,83.5,71.5,2004-03-01
87,86.3,269.5,88.0,123.2,110.3,99.5,84.2,85.8,90.3,29.3,76.5,71.0,76.4,60.3,90.3,94.1,82.6,105.2,86.0,67.3,2004-04-01
88,85.6,265.6,87.0,118.9,107.9,98.2,84.8,88.2,89.1,29.6,77.6,71.5,78.0,60.3,90.8,94.3,82.7,106.4,82.4,64.9,2004-05-01
89,85.4,278.0,86.5,114.2,109.1,97.7,85.8,89.6,90.3,30.4,78.7,71.7,76.4,60.5,90.8,94.0,82.7,107.9,83.6,64.8,2004-06-01
90,85.1,276.0,86.5,113.3,105.7,97.6,85.4,89.8,90.8,30.6,79.7,70.9,78.3,59.6,90.9,94.0,82.9,106.0,83.5,70.0,2004-07-01
91,84.0,264.7,85.4,111.8,105.3,97.5,85.3,86.7,88.3,31.2,82.7,70.6,78.2,59.8,90.9,93.9,83.1,100.4,82.7,68.8,2004-08-01
92,82.1,241.5,86.1,107.0,105.7,97.1,85.8,86.9,91.4,31.6,85.2,70.6,77.9,59.6,91.2,93.7,83.2,101.4,84.3,62.4,2004-09-01
93,80.4,254.9,85.9,104.3,105.5,96.5,85.9,89.9,90.8,31.1,87.1,70.2,78.1,59.7,91.4,96.1,83.5,102.4,85.1,63.0,2004-10-01
94,81.0,260.9,86.6,101.0,105.8,96.4,86.0,90.9,91.7,31.8,87.5,69.6,78.2,60.2,91.0,94.6,83.8,103.1,84.4,55.6,2004-11-01
95,84.6,254.7,86.4,99.2,106.5,96.8,86.6,90.5,92.9,31.6,89.0,69.6,76.9,60.1,90.7,94.9,84.0,103.5,82.9,55.3,2004-12-01
96,89.4,251.6,87.3,94.7,110.4,97.4,86.7,91.4,91.5,31.4,91.6,70.3,79.7,60.5,91.4,94.7,84.3,103.6,82.8,57.8,2005-01-01
97,93.3,248.0,87.1,95.3,109.3,98.2,87.3,89.7,92.3,31.7,91.7,70.5,77.6,59.7,91.5,95.2,84.7,101.9,81.9,71.3,2005-02-01
98,94.4,250.1,85.4,91.8,109.3,98.6,85.5,89.1,93.5,32.8,91.3,70.3,76.2,60.0,91.7,95.1,84.9,102.5,80.9,87.8,2005-03-01
99,93.8,251.4,88.1,94.3,110.8,99.0,88.8,88.7,93.4,32.6,91.6,70.8,77.9,59.7,92.7,95.1,85.6,104.4,82.3,90.2,2005-04-01
100,92.7,249.3,87.5,91.3,112.8,98.8,87.7,88.4,92.9,32.5,92.5,70.9,76.1,60.1,93.0,93.3,85.9,106.1,82.0,89.6,2005-05-01
101,92.6,241.7,88.8,92.3,111.5,98.3,88.4,89.1,92.7,33.3,92.9,70.7,78.0,60.9,92.8,93.5,86.2,106.9,83.6,70.4,2005-06-01
102,93.1,232.0,87.9,90.7,113.3,97.5,89.0,88.7,92.7,34.0,95.9,71.8,77.0,61.5,93.6,93.3,86.3,108.8,85.7,66.5,2005-07-01
103,93.9,216.3,87.7,90.4,113.6,97.0,89.8,88.7,91.6,34.0,94.4,72.3,78.7,61.3,93.8,92.7,86.3,110.6,85.4,54.7,2005-08-01
104,94.3,228.0,89.1,91.1,108.6,96.9,89.6,89.4,91.6,34.5,94.8,72.5,79.3,63.3,93.9,92.1,86.4,110.9,82.8,67.9,2005-09-01
105,94.0,223.0,88.2,90.5,109.0,96.7,90.3,90.6,91.6,34.2,90.8,72.6,81.1,63.8,94.3,91.2,86.5,111.8,80.2,68.9,2005-10-01
106,94.1,220.6,89.3,95.1,110.4,97.0,91.6,90.9,93.3,34.9,92.4,72.6,82.7,65.5,94.7,91.7,86.5,109.5,80.8,85.0,2005-11-01
107,94.3,226.9,92.9,95.6,111.2,97.4,92.3,92.1,92.3,35.6,91.9,73.0,82.9,65.4,94.8,91.4,86.9,110.9,81.8,84.6,2005-12-01
108,94.5,235.7,90.9,98.5,106.1,97.8,92.8,90.8,93.3,35.1,91.3,72.9,83.4,64.0,93.9,91.9,87.0,109.1,83.5,83.5,2006-01-01
109,94.5,223.1,91.6,101.4,103.9,98.2,93.2,91.7,90.3,34.9,90.1,73.2,83.6,63.9,93.9,91.3,87.1,106.9,82.6,70.8,2006-02-01
110,94.2,218.6,93.0,105.7,102.3,98.6,94.4,93.0,90.5,34.7,89.3,73.7,84.8,63.8,94.2,91.0,86.5,108.8,83.2,65.7,2006-03-01
111,93.7,214.4,93.8,102.9,100.9,98.7,93.8,94.0,90.6,34.3,87.7,73.9,84.9,63.1,94.4,90.3,86.1,109.9,82.9,65.0,2006-04-01
112,93.4,205.5,95.6,103.0,99.7,98.7,94.7,94.9,90.7,34.8,87.3,74.1,84.7,63.3,94.5,90.7,85.6,110.8,82.9,66.4,2006-05-01
113,93.2,200.1,96.0,103.4,106.9,98.6,93.8,97.5,90.8,35.2,87.4,74.3,85.2,63.9,94.9,90.2,86.0,107.7,82.9,64.8,2006-06-01
114,93.0,198.7,95.4,101.0,102.7,98.6,93.0,94.8,88.9,35.1,87.6,74.1,85.1,63.5,95.0,90.0,86.5,105.8,82.1,66.3,2006-07-01
115,92.3,202.7,95.9,105.2,101.6,98.6,93.5,94.1,89.7,36.0,88.3,74.2,84.4,64.1,95.3,88.9,86.4,106.2,83.7,65.0,2006-08-01
116,91.1,201.0,96.5,105.6,100.8,98.9,93.9,94.3,89.7,36.2,90.2,74.2,85.0,62.8,95.4,90.6,86.2,107.4,83.2,69.4,2006-09-01
117,89.2,197.6,95.7,101.4,100.8,99.3,93.7,92.9,85.6,36.3,91.3,73.4,84.6,64.2,95.1,90.2,85.7,107.2,84.1,67.0,2006-10-01
118,87.3,196.7,96.2,104.1,101.3,99.6,93.4,93.0,87.9,36.4,95.2,73.3,82.9,64.3,95.1,90.4,85.5,107.8,86.3,70.1,2006-11-01
119,85.3,185.0,96.6,102.2,100.9,99.9,93.5,93.6,87.3,36.8,99.8,73.4,85.1,64.7,95.1,91.6,86.0,105.8,86.5,68.2,2006-12-01
120,83.0,191.2,96.4,102.5,102.7,99.7,92.9,91.8,87.5,37.3,102.4,73.0,85.0,66.5,95.1,89.9,86.5,98.8,84.0,70.9,2007-01-01
121,81.2,195.6,94.5,100.7,104.1,99.5,93.1,92.7,88.4,37.3,105.0,72.8,86.3,67.5,94.9,91.3,87.2,100.1,83.3,63.1,2007-02-01
122,79.8,195.5,94.4,99.9,102.4,99.3,93.6,93.9,89.6,38.2,104.7,72.9,87.6,66.7,95.3,91.6,87.1,99.1,82.1,55.0,2007-03-01
123,79.0,192.1,93.5,94.9,102.3,98.8,92.9,93.8,87.9,39.1,111.3,73.1,85.5,67.0,95.0,90.4,86.7,100.3,80.9,47.8,2007-04-01
124,78.5,197.7,95.1,100.6,101.9,98.1,92.6,94.3,88.6,40.0,112.5,72.9,85.5,66.9,94.9,91.1,86.0,99.8,81.0,46.6,2007-05-01
125,78.6,186.4,94.1,100.3,99.9,97.1,93.1,94.8,91.5,40.4,114.8,72.7,86.0,67.1,95.1,90.7,86.2,100.1,82.1,51.8,2007-06-01
126,79.0,191.0,93.3,98.6,100.3,96.1,93.1,94.9,87.8,40.8,117.4,72.7,86.5,67.4,94.8,89.2,86.3,97.0,80.9,51.7,2007-07-01
127,79.3,183.8,95.7,97.1,100.7,95.4,94.2,96.2,90.1,40.8,117.8,72.9,86.6,68.1,94.7,88.4,86.5,99.3,82.2,59.1,2007-08-01
128,79.5,177.9,94.7,94.8,100.5,95.3,95.0,96.1,89.2,41.4,117.8,73.0,86.9,68.2,94.0,89.5,86.9,100.6,83.2,62.1,2007-09-01
129,80.5,186.3,95.0,93.5,101.3,95.5,94.7,96.0,90.2,40.7,115.7,73.6,85.5,67.1,93.6,89.3,87.0,105.0,81.7,65.4,2007-10-01
130,83.2,182.9,95.5,94.2,100.6,95.9,95.3,97.3,90.4,41.2,118.2,73.8,84.9,68.1,93.8,88.7,87.2,106.2,85.5,61.4,2007-11-01
131,88.6,184.7,95.1,92.0,98.9,96.3,95.7,98.2,88.2,41.8,119.5,74.0,87.9,67.8,95.3,87.2,87.2,104.9,87.1,56.2,2007-12-01
132,94.6,175.2,95.9,89.6,101.3,96.0,94.7,98.7,91.1,39.8,122.8,73.9,87.9,70.5,93.7,90.2,86.9,104.5,84.2,51.3,2008-01-01
133,100.3,176.6,97.6,88.9,100.7,96.0,96.8,100.1,93.1,40.7,117.9,74.3,85.1,71.3,95.4,91.5,86.9,104.1,85.6,49.1,2008-02-01
134,103.3,171.6,94.5,89.1,97.9,95.6,96.6,99.6,89.2,40.6,116.7,74.3,87.4,70.1,95.7,89.5,88.0,102.7,83.0,50.3,2008-03-01
135,103.6,169.4,95.8,92.8,100.8,94.5,98.0,101.9,88.0,41.8,116.8,74.4,86.2,70.6,95.2,89.0,88.3,106.8,85.3,56.6,2008-04-01
136,103.3,174.3,95.8,84.7,98.3,93.7,96.4,99.4,88.3,41.4,116.8,74.1,84.9,70.1,94.4,87.4,88.8,101.6,82.9,61.3,2008-05-01
137,103.1,174.1,94.9,85.7,99.8,92.8,95.7,99.7,86.8,41.7,119.2,74.6,83.9,68.6,94.1,87.5,88.8,99.6,82.9,66.9,2008-06-01
138,103.1,166.6,95.8,88.3,103.2,91.8,93.4,97.5,86.9,42.0,116.5,74.1,83.5,69.6,93.9,87.6,88.2,101.9,83.6,61.5,2008-07-01
139,103.2,168.1,94.3,87.2,109.8,90.4,92.7,97.0,87.5,42.4,115.0,74.6,83.1,69.2,94.4,86.6,88.0,100.9,82.4,64.4,2008-08-01
140,103.2,177.6,93.9,84.8,103.8,88.6,89.1,96.4,86.7,41.9,112.5,74.5,82.4,68.6,94.3,86.5,87.7,97.8,81.7,64.8,2008-09-01
141,103.7,166.4,94.2,92.1,100.2,87.3,87.4,93.9,86.1,42.6,109.9,74.1,84.2,69.3,94.7,87.2,88.0,97.8,80.6,68.0,2008-10-01
142,103.3,162.4,89.8,88.9,96.8,84.9,85.5,92.0,84.7,43.7,106.5,74.7,83.1,67.8,95.5,86.8,87.8,96.7,80.6,64.9,2008-11-01
143,102.7,162.1,89.2,91.1,99.7,82.3,84.0,90.5,84.9,44.1,108.6,74.7,83.2,67.5,95.8,87.0,87.1,96.3,81.1,58.6,2008-12-01
144,102.3,162.6,86.4,90.1,97.0,79.4,84.4,90.2,83.4,43.2,106.4,75.6,81.2,65.9,96.2,86.7,86.4,99.8,84.0,54.0,2009-01-01
145,101.4,162.1,86.4,89.2,99.0,77.4,83.3,87.7,82.2,43.7,111.5,75.4,80.8,65.3,96.3,86.6,85.9,99.8,84.0,49.5,2009-02-01
146,100.3,156.2,85.9,89.0,100.5,76.1,80.7,85.3,82.2,43.8,110.4,75.1,79.1,64.1,96.4,88.8,85.7,95.6,82.6,50.8,2009-03-01
147,99.3,162.0,86.8,89.4,102.7,75.9,81.5,84.0,83.3,44.0,110.3,76.4,80.8,67.3,97.8,86.5,85.8,100.5,83.8,55.6,2009-04-01
148,97.8,160.2,84.9,89.8,102.1,76.1,80.3,82.0,83.2,43.1,107.0,75.9,79.8,66.7,98.1,86.2,85.9,92.4,84.3,57.3,2009-05-01
149,96.1,162.9,84.7,92.2,104.3,76.7,80.4,83.5,81.8,43.4,105.6,75.9,82.1,66.3,98.5,87.7,85.7,92.6,82.2,54.1,2009-06-01
150,94.5,166.4,84.8,95.4,105.9,77.5,80.9,84.7,80.8,43.8,106.7,76.4,82.2,66.0,99.3,86.8,85.4,97.2,84.8,54.6,2009-07-01
151,92.9,149.1,84.8,92.1,104.3,77.6,81.3,85.5,78.6,43.6,106.5,76.4,80.8,65.2,99.5,86.6,85.3,93.8,86.6,48.6,2009-08-01
152,91.4,144.6,85.0,91.9,106.2,77.0,82.5,87.2,79.1,43.7,107.9,76.4,78.7,65.2,99.4,86.4,85.2,91.4,88.8,45.0,2009-09-01
153,89.7,152.8,85.1,88.6,106.1,75.9,83.1,87.8,79.8,44.8,107.3,76.4,79.8,65.1,98.4,86.3,85.3,92.4,88.1,46.7,2009-10-01
154,88.0,150.2,85.4,86.4,106.4,75.8,84.7,88.2,80.9,45.3,106.6,76.7,78.0,64.9,98.0,86.6,85.5,89.4,86.0,51.9,2009-11-01
155,85.9,146.9,85.3,88.6,107.1,76.4,87.1,89.4,81.4,44.9,106.8,76.6,80.2,65.2,97.6,86.9,85.9,86.7,86.6,62.3,2009-12-01
156,83.4,150.1,84.1,93.2,100.6,77.3,85.5,85.6,80.0,45.2,103.9,76.8,79.2,68.5,96.0,86.7,86.2,89.5,83.4,61.0,2010-01-01
157,81.2,147.0,85.6,91.0,104.7,80.8,87.3,88.9,83.7,45.7,105.5,77.0,82.9,68.8,95.6,86.3,86.2,92.3,86.1,68.6,2010-02-01
158,79.4,153.1,87.0,87.8,106.1,81.2,89.4,90.1,84.7,46.0,105.7,77.3,83.6,68.9,95.4,85.8,86.7,93.0,88.1,71.2,2010-03-01
159,78.1,149.5,85.4,85.5,103.8,82.4,88.6,90.7,85.0,45.4,104.1,78.2,85.0,67.3,95.8,87.2,87.7,90.2,87.7,74.1,2010-04-01
160,77.5,147.2,86.0,85.0,100.7,84.2,90.1,91.3,83.4,45.5,106.4,78.5,83.3,67.3,95.4,88.0,88.0,91.6,86.9,72.8,2010-05-01
161,77.8,132.5,85.9,82.1,101.5,85.3,91.8,92.8,83.6,46.5,106.2,78.7,83.5,67.5,95.1,84.2,88.2,91.1,86.2,74.2,2010-06-01
162,78.0,136.6,85.1,80.0,99.8,84.2,92.5,93.6,85.0,46.5,105.6,79.4,83.2,66.9,94.8,84.8,89.3,94.7,87.0,74.5,2010-07-01
163,78.1,135.5,85.5,79.1,97.9,87.5,92.1,93.0,84.2,46.7,106.0,79.5,84.5,66.9,94.5,85.9,89.3,91.9,86.4,72.7,2010-08-01
164,77.3,131.2,84.8,79.3,96.6,85.9,92.0,93.9,87.5,47.3,105.7,79.6,86.2,67.0,94.5,85.9,89.8,92.2,85.4,65.9,2010-09-01
165,77.7,127.7,87.0,81.5,92.2,85.6,93.3,93.7,86.7,47.5,107.9,80.7,83.6,64.6,95.6,86.0,89.2,89.6,85.6,64.8,2010-10-01
166,79.6,123.0,85.2,82.2,91.0,85.4,93.9,91.9,84.6,47.9,107.0,80.5,83.8,66.2,95.6,86.6,88.7,95.0,84.3,60.6,2010-11-01
167,85.1,117.1,83.5,89.8,91.9,82.9,91.1,92.0,81.2,49.7,106.3,80.2,81.8,67.6,95.8,86.6,88.0,94.5,75.3,64.9,2010-12-01
168,92.4,122.7,84.6,80.3,101.0,85.8,92.0,92.8,86.5,48.3,100.0,79.7,83.5,70.7,95.0,86.8,89.3,99.3,84.9,64.1,2011-01-01
169,98.9,108.0,84.1,76.3,95.1,86.7,92.3,94.4,87.9,49.6,101.9,80.3,84.1,70.5,95.8,88.3,89.8,99.5,83.8,71.4,2011-02-01
170,102.3,106.8,83.4,77.1,95.2,87.6,92.6,95.8,87.3,50.7,103.3,80.1,84.9,69.7,95.5,88.1,89.3,100.5,81.6,70.9,2011-03-01
171,103.4,107.4,84.0,72.2,89.2,88.8,92.6,94.2,88.7,49.5,96.7,80.5,81.6,69.9,96.1,89.2,89.3,99.7,81.2,75.7,2011-04-01
172,102.9,98.3,85.3,76.6,90.0,87.7,91.4,95.2,87.7,53.2,100.2,80.1,84.1,71.0,95.5,89.6,89.3,101.2,81.2,68.6,2011-05-01
173,102.4,98.4,85.1,79.6,90.8,89.6,91.4,94.0,91.4,52.2,98.6,80.3,84.4,71.8,95.3,90.1,89.3,102.5,81.7,63.4,2011-06-01
174,102.1,99.1,84.9,78.7,88.9,88.6,91.6,93.1,89.9,52.3,103.4,81.1,81.8,71.2,95.2,89.5,89.5,99.7,82.9,63.8,2011-07-01
175,102.6,96.5,85.3,79.6,87.9,87.4,91.3,93.6,89.2,54.0,100.5,81.0,81.8,70.0,95.4,89.4,89.7,99.5,82.1,67.3,2011-08-01
176,103.4,95.5,85.8,78.7,88.9,88.3,91.2,94.6,89.3,54.0,99.0,81.4,83.4,71.5,95.5,88.2,89.7,98.1,82.1,71.0,2011-09-01
177,103.7,99.0,85.0,75.0,93.4,87.2,91.7,91.7,87.7,52.9,97.1,81.4,80.3,69.6,94.9,90.2,88.8,96.8,79.6,62.3,2011-10-01
178,101.9,97.9,85.8,73.5,94.0,89.0,91.0,94.2,87.2,54.4,100.9,82.5,82.3,71.7,94.7,90.4,89.8,95.5,82.4,64.2,2011-11-01
179,97.8,94.0,87.1,75.6,95.4,92.8,91.6,95.5,88.4,53.8,104.1,83.2,83.6,70.3,94.6,90.4,90.1,93.5,83.3,65.5,2011-12-01
180,93.6,93.6,87.1,75.2,96.1,88.5,91.5,93.1,87.5,56.7,106.6,83.8,84.5,73.9,94.3,90.7,90.2,93.8,80.8,70.1,2012-01-01
181,89.4,95.7,86.6,79.8,84.2,86.2,91.9,92.6,86.6,55.9,100.5,84.1,84.2,72.0,94.0,90.2,90.5,92.3,81.3,67.1,2012-02-01
182,87.3,95.8,87.7,72.9,86.5,88.1,93.3,95.7,88.8,56.1,98.0,84.7,84.2,72.4,93.9,90.6,90.5,91.7,84.9,65.9,2012-03-01
183,86.8,91.3,87.2,83.0,87.4,87.4,92.4,94.6,85.9,54.3,98.6,84.8,83.2,70.8,93.9,90.6,90.6,90.7,81.7,63.5,2012-04-01
184,86.3,88.6,88.3,83.7,88.4,88.8,93.4,95.6,86.1,55.2,104.3,85.8,84.3,73.6,93.9,91.4,91.3,90.6,81.5,65.1,2012-05-01
185,85.3,92.0,86.6,82.2,86.1,85.6,91.0,93.1,87.7,52.6,106.0,86.4,79.4,70.5,94.0,94.1,90.5,91.3,81.5,66.1,2012-06-01
186,83.2,95.6,88.6,80.8,89.7,85.9,92.3,94.0,87.0,53.2,104.7,87.0,83.8,72.9,93.5,94.2,91.6,107.1,83.2,73.3,2012-07-01
187,82.1,95.8,87.5,81.0,91.1,85.6,92.9,95.4,91.1,54.6,103.8,87.3,85.1,75.0,93.3,93.4,91.2,112.2,85.8,70.3,2012-08-01
188,81.5,75.2,88.0,80.8,86.4,86.4,93.2,94.3,90.2,54.3,99.7,87.3,84.8,75.1,92.9,92.9,91.2,97.1,83.3,68.9,2012-09-01
189,80.9,74.7,87.8,86.9,88.3,87.2,91.9,95.8,90.8,55.8,100.5,88.0,85.2,77.3,93.3,91.5,91.8,91.2,81.5,69.7,2012-10-01
190,80.5,81.3,88.1,84.7,89.1,88.7,91.3,95.8,92.2,55.1,100.2,88.3,86.1,77.3,93.5,91.0,92.0,93.3,83.2,69.8,2012-11-01
191,79.7,81.9,89.5,86.2,87.4,88.0,90.8,95.5,90.3,54.9,99.7,87.8,85.7,77.2,93.0,90.3,91.5,88.9,83.2,68.5,2012-12-01
192,78.6,83.2,87.6,87.2,85.5,87.0,90.5,96.2,95.2,56.7,95.8,87.4,87.1,77.2,92.0,90.0,91.6,91.5,85.6,66.2,2013-01-01
193,77.8,78.3,88.3,89.6,88.0,90.1,91.6,97.0,93.9,56.7,99.7,87.3,87.9,78.2,91.6,90.1,91.3,95.3,85.5,70.2,2013-02-01
194,77.4,74.9,89.9,95.6,83.1,90.0,89.9,98.1,94.9,56.4,100.9,87.5,86.9,78.1,91.3,89.7,92.4,95.8,84.9,73.7,2013-03-01
195,77.9,75.4,89.4,96.0,84.6,88.9,89.8,94.4,94.5,57.1,100.3,87.9,86.6,79.3,91.5,90.7,92.7,99.1,84.5,74.8,2013-04-01
196,79.0,77.3,90.3,90.5,85.8,91.3,90.0,96.6,97.6,57.6,98.1,88.4,86.8,81.3,92.0,90.0,92.1,98.9,85.6,70.0,2013-05-01
197,81.0,76.9,91.9,87.2,88.7,92.8,89.8,97.7,96.5,55.9,97.2,88.7,88.1,81.9,91.9,89.9,92.4,99.1,85.1,71.7,2013-06-01
198,83.0,77.2,92.2,85.1,89.7,91.5,89.9,98.6,97.5,58.1,95.8,89.3,88.7,81.7,92.1,89.8,91.4,99.8,83.7,71.7,2013-07-01
199,84.8,75.3,92.0,82.9,90.2,94.2,89.9,97.7,98.9,58.3,95.8,89.6,90.0,83.5,92.0,90.1,91.4,98.4,83.8,70.1,2013-08-01
200,85.8,78.2,93.2,84.4,88.9,92.9,91.4,94.7,94.6,59.4,95.4,89.7,89.8,84.0,91.7,89.1,91.1,98.6,83.9,72.4,2013-09-01
201,87.3,75.6,92.9,84.0,89.8,94.4,91.1,97.1,94.7,60.2,96.2,90.3,89.7,85.3,92.5,89.9,90.9,103.3,86.1,72.1,2013-10-01
202,90.9,74.5,92.9,86.0,89.7,92.5,92.7,97.3,95.4,59.9,96.0,90.6,89.0,86.4,92.5,87.6,90.5,102.8,85.2,74.2,2013-11-01
203,98.0,78.7,92.9,80.8,91.1,92.0,91.8,96.6,90.4,60.5,94.1,90.9,88.6,85.7,92.9,89.4,91.3,99.8,83.7,73.7,2013-12-01
204,103.9,75.9,93.9,78.2,92.4,94.3,94.0,98.0,91.5,60.7,91.2,91.0,89.3,86.0,92.5,89.5,92.4,102.8,85.9,82.8,2014-01-01
205,110.7,79.2,94.4,76.1,92.3,93.2,95.2,97.7,91.1,60.9,94.5,90.9,89.5,86.6,92.0,90.0,91.7,102.7,85.0,86.6,2014-02-01
206,115.6,78.4,94.0,74.2,91.2,92.7,96.7,99.2,91.9,61.5,96.3,91.2,89.9,86.8,92.0,90.2,91.7,101.1,86.1,83.5,2014-03-01
207,119.3,76.7,95.0,74.5,89.9,95.1,96.9,97.6,93.4,63.0,95.9,91.1,89.7,86.4,91.8,90.2,91.8,99.8,87.3,78.3,2014-04-01
208,119.0,80.5,93.4,76.3,89.2,93.7,96.9,99.0,94.1,64.6,95.9,91.6,89.5,87.9,91.8,89.8,91.7,98.6,89.0,71.3,2014-05-01
209,118.8,77.1,94.1,77.8,88.9,94.6,97.5,99.5,91.9,66.4,96.0,91.5,90.6,88.1,91.9,89.8,91.7,96.9,88.2,66.4,2014-06-01
210,121.8,77.1,95.1,80.1,89.3,94.2,97.6,99.6,91.1,66.9,97.7,91.4,92.0,89.2,91.4,89.7,92.2,95.6,88.5,68.8,2014-07-01
211,122.0,74.3,94.6,81.1,89.6,95.6,98.0,98.8,90.4,66.5,96.8,91.7,92.3,88.5,91.6,89.9,91.8,97.5,87.9,72.7,2014-08-01
212,121.7,79.3,94.7,79.9,91.9,95.4,98.6,98.7,91.4,67.3,96.8,91.9,91.6,89.1,91.5,90.3,92.6,96.1,88.5,75.9,2014-09-01
213,121.2,80.5,94.4,81.4,92.1,94.8,98.6,98.9,90.5,69.1,96.4,91.8,93.8,90.1,91.1,90.1,93.0,97.6,90.2,78.4,2014-10-01
214,120.3,79.2,94.7,82.0,93.9,96.8,99.3,96.5,89.1,68.0,97.6,91.9,94.1,90.0,90.8,88.9,92.8,96.0,88.1,79.4,2014-11-01
215,119.3,79.0,96.1,87.1,91.0,96.0,99.2,96.5,89.8,67.4,98.3,92.1,93.3,90.4,90.7,89.5,93.2,98.2,89.5,76.0,2014-12-01
216,112.9,80.6,94.3,90.7,91.4,98.0,99.2,94.3,89.4,68.7,96.9,92.1,93.4,91.1,89.9,89.7,92.8,94.1,87.3,75.8,2015-01-01
217,108.4,78.9,95.3,94.7,92.5,97.5,99.3,93.2,89.2,70.3,94.9,92.1,94.1,92.7,89.6,89.6,93.6,96.8,89.1,75.7,2015-02-01
218,105.6,83.8,96.2,94.5,93.3,98.6,99.1,92.2,90.5,69.5,93.0,92.2,94.3,93.6,89.3,90.2,93.8,97.4,88.0,75.8,2015-03-01
219,105.2,89.5,95.5,95.0,96.8,100.4,99.4,92.5,90.1,70.2,93.1,93.6,94.4,93.8,90.1,90.5,94.5,96.6,88.1,74.2,2015-04-01
220,103.4,95.3,95.1,96.9,95.2,99.8,98.3,90.8,88.9,71.1,90.3,93.4,96.0,93.1,89.5,90.8,95.2,96.1,88.1,69.7,2015-05-01
221,101.1,91.4,95.2,99.7,97.0,99.2,98.3,91.8,88.7,70.1,88.9,93.7,95.6,94.1,89.3,90.9,96.0,95.4,89.0,62.5,2015-06-01
222,99.1,89.2,94.9,100.0,98.0,99.4,98.2,92.1,89.4,71.5,89.3,94.6,95.6,95.9,89.7,91.3,96.4,97.1,89.9,57.4,2015-07-01
223,97.7,93.7,95.1,101.2,96.1,97.6,96.8,91.8,87.1,73.0,90.1,94.8,95.0,95.9,89.9,91.1,96.7,94.1,87.6,57.4,2015-08-01
224,97.4,91.0,95.3,103.0,94.2,97.5,97.7,92.3,91.0,71.7,90.0,94.9,94.8,95.1,90.1,91.3,96.8,96.9,89.3,67.3,2015-09-01
225,98.0,93.3,95.7,104.8,95.0,99.2,96.6,92.5,91.7,74.0,89.4,95.3,95.8,94.6,91.2,91.2,96.7,92.8,88.5,78.6,2015-10-01
226,97.2,94.4,94.7,100.2,94.9,97.9,96.9,91.7,88.9,75.1,90.8,95.4,94.8,93.3,91.7,91.2,96.8,94.5,89.6,88.5,2015-11-01
227,94.8,93.2,94.8,94.1,97.3,100.4,97.5,90.5,91.4,74.3,94.1,95.8,94.2,91.8,92.2,91.2,97.4,96.2,91.0,89.3,2015-12-01
228,91.7,94.1,94.6,99.1,97.7,99.1,97.4,92.9,89.4,74.7,94.3,96.2,93.8,94.1,92.3,90.3,96.9,90.0,90.0,85.0,2016-01-01
229,89.3,96.8,93.7,100.4,96.8,98.0,97.4,92.9,93.5,76.0,95.0,96.1,93.9,94.9,92.7,90.7,97.6,92.2,89.5,81.1,2016-02-01
230,88.7,96.2,93.5,102.7,96.9,97.1,98.4,92.1,93.6,77.2,95.1,96.3,94.3,94.7,93.0,90.7,97.1,93.6,90.1,82.3,2016-03-01
231,89.0,98.0,95.9,107.5,97.9,97.8,97.9,93.6,93.0,77.0,95.2,96.2,96.2,94.1,92.7,91.1,97.8,90.6,91.2,87.9,2016-04-01
232,90.2,100.5,94.9,99.4,98.2,97.4,97.9,93.5,92.9,77.8,96.0,96.0,96.4,94.0,92.7,90.2,97.4,90.2,90.3,91.3,2016-05-01
233,91.3,98.0,94.0,99.8,96.8,96.8,97.4,94.2,95.4,79.9,96.1,96.3,95.6,94.5,93.2,90.0,97.6,89.8,91.0,92.0,2016-06-01
234,91.9,109.3,93.2,98.1,98.0,97.2,97.2,93.8,92.8,80.2,97.5,96.1,95.6,94.2,93.4,89.7,98.2,94.0,92.0,90.6,2016-07-01
235,91.9,104.9,93.1,98.0,97.7,96.3,97.5,94.2,95.4,82.0,100.8,95.7,94.9,93.5,93.6,90.8,98.0,88.2,92.2,88.8,2016-08-01
236,91.5,100.5,93.7,96.9,97.1,96.7,99.6,94.9,98.1,82.7,101.6,95.4,94.9,96.2,93.8,90.1,97.8,88.4,92.4,88.9,2016-09-01
237,90.6,91.7,91.2,97.0,100.1,95.4,99.6,94.7,95.1,82.8,102.8,95.8,95.2,95.2,93.8,89.9,98.8,88.4,90.5,90.0,2016-10-01
238,91.5,98.5,92.3,100.9,99.3,95.6,100.0,93.7,97.1,82.7,103.3,95.9,95.1,95.7,94.3,90.0,99.7,92.0,92.3,90.1,2016-11-01
239,94.1,99.0,95.5,96.9,99.0,98.8,101.2,93.5,99.0,82.2,102.8,95.6,96.4,96.2,94.2,90.1,100.0,91.7,94.5,87.3,2016-12-01
240,95.8,97.4,94.0,97.8,100.9,100.2,100.6,94.6,97.9,81.1,102.0,95.6,97.6,97.2,94.3,90.0,102.6,94.4,94.2,85.0,2017-01-01
241,97.4,93.1,93.6,94.2,101.7,100.6,101.0,94.7,99.9,81.3,102.6,95.3,96.0,98.4,94.5,91.2,101.8,94.6,94.3,82.9,2017-02-01
242,98.0,93.4,93.1,89.8,102.1,100.8,101.5,95.4,101.1,81.4,103.2,95.1,96.0,99.0,94.8,90.6,101.9,95.0,96.7,82.8,2017-03-01
243,98.3,91.5,93.7,92.8,98.6,101.6,102.2,94.8,101.0,82.1,103.8,95.5,96.7,97.6,95.3,90.7,102.3,98.0,97.0,84.8,2017-04-01
244,97.1,91.8,94.3,95.9,94.3,100.6,100.5,95.0,101.2,82.0,104.2,95.9,97.5,99.5,95.5,90.9,103.2,97.8,97.1,86.4,2017-05-01
245,96.1,92.2,94.5,94.5,93.5,101.0,101.1,94.3,100.6,82.9,104.3,95.8,97.7,99.0,95.5,90.8,102.6,95.1,97.1,88.4,2017-06-01
246,95.6,92.2,94.7,94.2,97.7,100.5,101.9,94.6,102.9,82.0,105.2,96.2,98.0,98.6,95.7,91.1,101.7,97.5,96.4,87.5,2017-07-01
247,94.9,89.7,95.0,94.1,97.9,102.1,102.2,95.0,101.6,83.7,104.9,96.3,97.4,98.3,95.6,91.0,101.1,97.7,99.3,86.2,2017-08-01
248,94.1,92.5,97.0,94.2,100.8,101.0,103.1,94.9,102.1,83.7,105.2,96.3,97.4,98.3,95.6,91.6,102.2,97.5,98.9,87.7,2017-09-01
249,93.5,96.0,97.9,91.7,98.6,100.3,102.4,95.9,97.4,84.2,105.0,97.0,96.5,98.2,96.1,92.0,103.4,97.3,98.9,89.5,2017-10-01
250,92.8,96.3,98.1,93.5,98.4,101.7,102.9,94.8,96.5,84.8,106.4,97.3,97.6,98.0,96.0,91.5,101.9,96.7,98.7,89.0,2017-11-01
251,91.0,76.2,99.4,95.0,98.5,104.5,102.6,94.5,96.4,85.6,108.5,97.6,99.5,98.1,95.9,91.9,97.4,97.4,99.3,89.2,2017-12-01
252,89.3,97.2,100.1,90.7,97.3,100.8,101.6,94.8,95.3,87.5,104.7,97.8,98.7,97.6,95.7,91.9,100.1,96.5,99.8,89.8,2018-01-01
253,88.1,96.6,100.4,95.8,97.6,100.6,101.1,94.2,93.4,87.3,104.9,97.8,97.4,97.1,95.6,92.3,102.9,95.1,99.3,89.4,2018-02-01
254,86.7,91.3,100.3,96.2,98.1,98.8,99.5,94.7,96.8,90.2,105.5,97.8,96.6,97.7,95.4,92.4,103.9,95.7,100.6,91.9,2018-03-01
255,85.1,100.8,99.6,89.9,98.0,97.9,99.7,95.2,96.6,89.4,104.0,97.5,99.0,97.8,94.8,93.7,102.2,96.0,99.9,92.2,2018-04-01
256,84.5,98.7,99.8,84.2,98.6,99.5,100.5,97.4,99.0,90.4,103.9,97.4,98.5,98.1,95.0,94.0,101.8,98.2,100.2,91.0,2018-05-01
257,83.7,103.7,101.7,85.7,101.8,100.2,100.3,97.6,100.0,90.7,102.7,98.0,96.7,99.8,95.5,94.6,101.3,96.8,102.0,91.8,2018-06-01
258,83.7,95.0,100.3,87.7,101.5,100.1,100.6,97.7,99.3,90.7,102.3,98.2,97.2,98.8,96.3,94.8,101.7,95.8,101.2,92.6,2018-07-01
259,83.7,102.4,99.7,87.7,101.3,99.1,100.1,98.1,99.4,93.5,101.4,98.4,97.2,98.5,96.9,95.5,101.6,96.5,102.6,94.0,2018-08-01
260,83.7,98.5,99.6,86.8,102.0,99.7,100.6,98.4,99.4,94.6,101.0,98.7,97.2,99.8,97.1,95.3,101.6,96.5,100.5,94.0,2018-09-01
261,84.0,100.3,98.2,88.7,101.2,99.4,100.2,99.4,99.8,93.7,100.6,99.1,97.3,99.2,97.4,96.1,101.4,96.3,100.9,100.6,2018-10-01
262,85.8,97.5,97.3,87.7,100.1,99.2,102.0,99.6,101.1,94.5,101.0,99.2,98.9,99.1,97.5,97.4,100.2,96.0,100.2,99.8,2018-11-01
263,89.4,97.0,97.0,86.8,99.6,97.4,101.3,99.6,101.3,97.3,100.8,98.9,97.6,98.3,97.9,98.3,98.4,98.3,98.9,100.8,2018-12-01
264,91.5,95.5,98.2,92.2,99.2,98.9,101.7,100.2,101.8,95.9,99.9,99.2,97.3,99.7,99.1,99.8,97.5,99.0,98.1,99.9,2019-01-01
265,93.5,98.6,99.4,87.8,98.6,100.8,102.2,101.3,99.1,96.6,99.0,99.3,99.8,100.7,99.7,100.5,99.1,99.7,98.9,101.0,2019-02-01
266,95.5,98.7,100.6,89.2,98.3,98.9,102.0,100.9,98.8,97.5,98.2,99.6,98.2,100.4,100.1,100.4,100.5,101.5,98.5,102.2,2019-03-01
267,97.7,98.5,97.6,93.6,98.7,99.5,101.5,101.5,98.3,98.0,99.0,99.7,98.5,99.4,100.5,99.9,99.5,100.3,97.5,103.7,2019-04-01
268,99.2,100.5,98.6,96.7,99.2,99.3,100.7,101.4,98.3,98.2,99.4,100.1,99.1,99.4,100.5,100.4,99.4,100.9,98.8,102.7,2019-05-01
269,99.3,95.2,99.5,98.6,100.1,99.4,100.1,100.7,97.8,101.0,100.4,100.2,100.9,100.1,100.6,100.6,100.0,102.3,98.9,100.6,2019-06-01
270,100.0,98.4,100.2,100.4,99.9,100.4,99.6,101.6,99.5,101.1,100.9,100.1,101.6,101.0,100.7,100.9,102.1,98.8,98.9,100.6,2019-07-01
271,102.0,99.5,99.3,99.3,101.4,100.8,99.2,100.4,99.5,100.7,100.9,100.2,102.1,101.1,100.5,99.5,100.1,101.2,100.3,98.1,2019-08-01
272,104.7,103.8,100.8,103.1,101.4,100.9,99.5,100.0,99.3,103.6,100.7,100.4,100.3,99.9,100.5,99.5,100.9,98.5,101.4,95.8,2019-09-01
273,106.2,100.4,101.8,112.1,100.6,99.2,98.7,99.8,100.7,102.2,100.6,100.2,102.1,98.7,99.8,99.2,99.7,96.5,102.1,96.0,2019-10-01
274,106.6,105.8,101.0,115.7,100.9,100.7,97.8,96.1,102.8,100.9,100.4,100.3,100.3,99.3,99.2,99.5,100.1,99.8,103.2,98.4,2019-11-01
275,103.8,105.1,103.2,111.1,101.8,101.3,97.0,95.9,104.3,104.3,100.6,100.5,99.9,100.2,98.6,99.9,101.1,101.4,103.3,101.0,2019-12-01
276,103.2,106.9,105.9,107.3,102.7,101.0,95.2,95.4,107.1,103.2,99.0,100.4,101.8,101.5,97.3,100.9,101.8,100.7,95.8,107.7,2020-01-01
277,99.8,108.4,107.7,110.1,102.2,100.5,93.2,92.5,109.3,106.7,99.1,100.6,101.0,100.1,96.6,95.1,102.0,98.2,95.4,102.2,2020-02-01
278,95.1,96.2,97.4,111.9,101.7,95.4,79.9,76.5,75.3,108.1,98.4,100.4,99.2,89.9,95.8,81.1,86.9,79.4,85.8,77.3,2020-03-01
279,86.0,102.1,77.6,105.1,95.4,56.9,56.1,43.0,11.4,100.6,94.6,99.3,86.3,67.9,96.4,59.8,50.9,51.0,58.7,54.0,2020-04-01
280,87.6,103.7,86.4,105.0,95.6,62.7,65.0,45.7,10.7,98.9,95.5,99.0,84.6,67.8,95.9,51.9,52.3,43.1,60.1,47.4,2020-05-01
281,89.2,108.1,97.9,109.1,101.2,76.6,83.7,56.8,25.2,104.1,96.9,99.0,92.0,80.3,95.4,56.2,57.0,55.2,61.4,54.5,2020-06-01
282,88.6,105.6,104.6,109.7,100.6,88.5,88.8,65.4,63.1,107.0,96.8,98.8,93.8,81.2,93.9,70.8,60.8,65.8,95.0,72.3,2020-07-01
283,89.6,100.2,108.6,105.7,103.7,90.9,89.7,66.5,94.9,107.3,97.2,99.1,95.4,83.6,93.7,83.9,63.0,65.8,85.5,87.5,2020-08-01
284,90.0,94.1,110.3,102.9,101.9,93.7,90.5,68.7,84.8,108.2,99.1,99.4,97.8,84.4,93.6,90.9,65.2,72.9,84.2,89.5,2020-09-01
285,88.2,93.6,110.3,100.3,103.8,94.4,92.2,69.1,71.8,110.8,99.9,99.4,100.6,86.4,93.2,93.7,66.5,75.6,79.1,82.6,2020-10-01
286,86.2,89.0,111.5,97.9,103.7,94.7,87.7,69.9,42.0,109.2,101.0,99.3,98.5,85.3,93.0,89.3,66.4,69.2,79.4,78.1,2020-11-01
287,84.8,93.5,108.7,95.5,106.7,93.0,91.3,71.6,50.5,108.2,103.9,99.6,101.2,88.8,93.2,81.6,66.8,77.5,111.5,81.9,2020-12-01
288,84.0,88.8,105.4,90.5,105.1,91.2,83.9,64.5,48.6,110.7,102.6,100.9,99.1,85.6,93.3,75.9,68.4,72.7,83.2,79.4,2021-01-01
289,82.6,81.6,105.5,85.7,105.9,93.6,88.7,67.2,49.3,108.7,102.6,101.1,102.5,85.9,93.7,74.5,70.8,72.9,83.7,71.3,2021-02-01
290,82.8,82.6,105.5,80.4,106.2,96.1,94.6,69.8,45.2,110.7,103.4,101.0,106.4,89.5,94.0,79.4,77.8,69.6,81.8,60.2,2021-03-01
291,82.3,70.3,105.1,79.0,105.5,98.0,103.4,72.6,62.9,115.1,103.6,101.0,105.2,90.6,96.2,88.6,85.1,75.0,104.9,72.5,2021-04-01
292,83.9,71.5,105.0,78.3,105.4,97.6,104.0,72.7,88.5,115.2,103.3,101.1,104.9,91.2,97.5,95.6,90.6,82.2,87.7,81.6,2021-05-01
293,85.2,63.7,104.4,71.9,107.3,96.8,105.3,75.1,96.5,115.4,103.1,101.4,109.1,92.4,97.8,97.8,96.1,81.6,83.7,87.0,2021-06-01
294,84.9,71.8,103.2,65.0,107.0,96.1,104.2,75.4,95.8,116.3,102.3,100.7,106.7,92.8,98.0,95.9,97.6,84.2,86.1,72.4,2021-07-01
295,85.9,85.0,102.5,62.2,106.0,95.1,104.3,77.1,107.4,116.5,102.6,101.0,106.6,92.7,98.1,95.0,101.7,89.8,90.5,62.3,2021-08-01
296,85.7,80.2,102.1,60.0,104.2,95.7,104.6,78.6,107.2,114.9,103.9,101.1,107.5,94.0,98.2,95.8,105.6,90.5,95.3,66.2,2021-09-01
297,86.7,77.3,101.2,58.5,106.9,95.6,105.1,80.2,98.7,117.3,105.4,101.3,103.6,95.5,97.4,96.1,111.2,91.1,100.1,73.4,2021-10-01
298,85.8,73.9,103.2,61.3,106.5,97.3,104.3,81.6,95.0,117.7,106.4,101.2,106.5,95.7,98.3,95.7,114.1,92.2,98.9,81.1,2021-11-01
299,84.9,73.3,103.2,63.3,106.3,98.3,102.1,82.0,84.2,116.9,106.4,101.2,107.0,94.5,98.6,95.9,114.5,92.2,94.5,85.5,2021-12-01
