,name,iso3,year,pop_t,pop_u,pop_r,wat_pop_sm_t,wat_pop_sm_r,wat_pop_sm_u,wat_pop_basal_sub_t,wat_pop_basal_sub_r,wat_pop_basal_sub_u,wat_pop_unimp_t,wat_pop_unimp_r,wat_pop_unimp_u,wat_pop_ns_t,wat_pop_ns_r,wat_pop_ns_u
22,Afghanistan,AFG,2022,41128.771,1094683.4153765677,-1053554.6443765678,1235265.5442237416,-29217135.4428969,39826126.155015215,2144506.4763355125,-50935309.813677564,68532603.95422922,430924.29328282125,-15042186.791168056,0.0,254002.91650137276,-8866427.225396475,0.0
45,Albania,ALB,2022,2842.321,181337.22602922056,-178494.90502922056,201054.6113807909,,,69234.66350372529,,,8618.498365514999,-643184.432862176,491080.07689394016,0.0,-0.0,0.0
68,Algeria,DZA,2022,44903.225,3357503.739630699,-3312600.514630699,3170074.913017819,-209189220.86167222,245470500.91033176,1080527.1198910505,-90186126.93096676,77211525.37319778,15471.865876942906,-2244079.0608813036,779769.1296708739,3054.757162484275,-427798.0679625354,159180.49801282873
91,American Samoa,ASM,2022,44.273,3860.4284701690676,-3816.1554701690675,,,,,,,,,,,,
114,Andorra,AND,2022,79.824,7009.425634277343,-6929.601634277344,7235.247478942871,,,747.1525210571294,,,0.0,-0.0,0.0,0.0,-0.0,0.0
137,Angola,AGO,2022,35588.987,2422933.869562767,-2387344.882562767,,,,,,,689905.7104174361,-54749344.45482528,42939318.18752797,483919.10811300855,-96730756.08313444,2364732.969849795
160,Anguilla,AIA,2022,15.857,1585.6999999999998,-1569.8429999999998,,,,,,,,,,,,
183,Antigua and Barbuda,ATG,2022,93.763,2282.7538821125036,-2188.9908821125036,,,,,,,132.95870405550875,-3123.114222369728,3175.2695149623055,20.34983756552372,-491.0052957430166,443.85386583615707
206,Argentina,ARG,2022,45510.318,4202741.341901459,-4157231.023901459,,,,,,,,,269486.0311134823,,,498299.0900808747
229,Armenia,ARM,2022,2780.469,176762.77151969148,-173982.30251969147,229143.24365605685,,,48815.52798064479,,,7.649803314098289,-0.0,765.532102065673,80.47855998426057,-0.0,8047.856133420126
252,Aruba,ABW,2022,106.445,4689.1149418449395,-4582.66994184494,,,,,,,,,,,,
275,Australia,AUS,2022,26177.413,2264032.268100189,-2237854.855100189,,,225334790.39151353,,,989195.2891218117,792.3538574224903,-0.0,79241.12938356321,0.0,-0.0,0.0
298,Austria,AUT,2022,8939.617,529725.9154879303,-520786.29848793027,884095.2537841797,,,9866.44055175783,,,0.005664062527144142,-0.0,0.0,0.0,-0.0,0.0
321,Azerbaijan,AZE,2022,10358.074,592171.0321008835,-581812.9581008835,741759.3159897825,-47204823.2296424,54642581.987109035,269625.68081304914,-7773566.4914756995,4574521.222979322,13396.213246337275,-1756861.2578382636,0.0,0.0,-0.0,0.0
344,Bahamas,BHS,2022,409.984,34230.38280175781,-33820.398801757816,,,,,,,,,,,,
367,Bahrain,BHR,2022,1472.233,132122.6117800522,-130650.3787800522,145609.69665530778,,,1495.6760400509072,,,117.92730464130852,,,0.0,,
390,Bangladesh,BGD,2022,171186.372,6797981.767730713,-6626795.395730712,10118705.817030178,-413183803.4636833,368372854.5523466,6674174.499211682,-238331885.52002433,296236327.39057094,17209.28459699291,-1.1771553324510681e-08,1720958.3929875721,105334.49376962964,-5717795.955472005,1628481.139466699
413,Barbados,BRB,2022,281.635,8821.934572401047,-8540.299572401047,,,,,,,343.017068089535,,,0.0,,
436,Belarus,BLR,2022,9534.954,765904.7534138488,-756369.7994138488,887701.8900677342,,,57964.05515883042,,,5045.428484997621,-1460011.1271570888,142438.74777902837,0.0,-0.0,0.0
459,Belgium,BEL,2022,11655.93,1144064.5847948457,-1132408.6547948457,1162556.0401862038,,,3036.9598137962935,,,0.0,-0.0,0.0,0.0,-0.0,0.0
482,Belize,BLZ,2022,405.272,18802.999674896244,-18397.727674896243,,,,,,,140.44115077086752,-11893.666202147544,0.0,0.0,-0.0,0.0
505,Benin,BEN,2022,13352.864,661420.770673462,-648067.906673462,,,,,,,292274.16793267016,-15469356.056944363,13142268.257365331,36566.29900009379,-2982219.507371886,555696.8321386023
528,Bermuda,BMU,2022,64.184,6418.4,-6354.215999999999,,,,,,,6.216861144791329,,621.6861144791328,0.0,,0.0
551,Bhutan,BTN,2022,782.455,34182.3267898941,-33399.871789894096,57386.80830651597,-2824857.496259424,2011954.5207848484,20179.087511640617,-476538.2305725487,1389230.099026402,145.10351789434222,-0.0,14510.217308071535,25.378419057705173,-0.0,2537.8418700877064
574,Bolivia (Plurinational State of),BOL,2022,12224.11,865833.7336830139,-853609.623683014,,,,,,,16458.83695853004,-3612260.8161505614,136937.08141037213,53829.15982926084,-12424127.977384912,193000.34118304274
597,"Bonaire, Sint Eustatius and Saba",BES,2022,27.026,2033.6794888458253,-2006.6534888458252,2702.6,,,0.0,,,0.0,,,0.0,,
620,Bosnia and Herzegovina,BIH,2022,3233.526,161162.168083168,-157928.642083168,281221.95327572385,,,29498.79404065571,,,205.27762677184046,-0.0,20527.77214641633,0.0,-0.0,0.0
643,Botswana,BWA,2022,2630.296,189970.49573535155,-187340.19973535155,,,13856839.776564043,,,4674280.3543483745,5679.360358206949,-531517.4579273454,360654.56539661443,1888.719201025837,-426882.44973891496,22395.902801971246
666,Brazil,BRA,2022,215313.498,18851773.383098464,-18636459.885098465,18787979.25924046,-1416716773.2944143,1675100335.0178218,2655904.01988655,-409415739.5156527,206724014.3968979,87466.52087298871,-37513475.69977953,0.0,,,3352988.8951269626
689,British Virgin Islands,VGB,2022,31.305,1544.306995124817,-1513.0019951248169,,,,,,,4.24547260273845,,,0.0,,
712,Brunei Darussalam,BRN,2022,449.002,35405.60203630066,-34956.60003630066,,,,,,,0.0,,,44.87722719490114,,
735,Bulgaria,BGR,2022,6781.953,517890.21815986634,-511108.26515986637,648723.1796382363,,,23114.26179174278,,,6357.85857002097,-1377806.001781138,203645.54649722134,0.0,-0.0,0.0
758,Burkina Faso,BFA,2022,22673.762,722771.4863638611,-700097.7243638611,,,,,,,473964.6575129106,-19946975.359727077,3388047.3086018255,2562.7057020805073,-0.0,256270.5709132343
781,Burundi,BDI,2022,12889.576,185829.01483184812,-172939.43883184812,,,,,,,188802.0170263487,-2922114.8750046515,240913.61643637487,45956.34044051723,-720465.7399746105,0.0
804,Cabo Verde,CPV,2022,593.149,40064.25264427948,-39471.10364427948,,,,,,,1604.2959765597068,-328941.3391072621,0.0,0.0,-0.0,0.0
827,Cambodia,KHM,2022,16767.842,421107.5573788758,-404339.7153788758,488468.69308280846,-7932117.3794825645,24213684.54928536,819532.0439825439,-21489438.5439126,15217769.926738728,53250.01158521052,-1714701.4626843734,0.0,122023.80744064353,-3929281.5687007396,0.0
850,Cameroon,CMR,2022,27914.536,1639504.490593506,-1611589.954593506,,,,,,,333930.8755428125,-37457734.657102324,6618665.075908398,117606.92980333409,-14063088.382406496,1708530.7464924026
873,Canada,CAN,2022,38454.327,3143718.0986568145,-3105263.7716568145,3808506.1359261908,,,7016.185361281062,,,29910.378712528072,-2917408.0468123783,2331765.935352228,0.0,-0.0,0.0
896,Cayman Islands,CYM,2022,68.706,6870.6,-6801.894,,,,,,,308.6374682208581,,30863.74682208581,0.68706,,68.706
919,Central African Republic,CAF,2022,5579.144,240572.68332083136,-234993.53932083136,34180.31684893946,-526280.4878169766,2707328.103106519,168314.9577783793,-5906190.37839204,8855614.325021248,187869.12792482603,-11022880.900989907,3901312.4328689664,18947.84655038418,-1392972.5316605226,13676.325794940663
942,Chad,TCD,2022,17723.315,426476.12397714617,-408752.80897714617,110718.41024320331,-1084740.4125882576,7500235.712321881,810808.0562556189,-16818304.08204952,25705027.49883363,501486.5085876644,-14189245.087650055,3429285.193212912,127030.57483198469,-3766827.2062238357,300440.2635233248
965,Chile,CHL,2022,19603.733,1723403.2761850967,-1703799.5431850967,1936287.4538650992,,171343892.12758508,24085.81273646346,,996435.4909245849,0.03339843739095783,-0.0,0.0,0.0,-0.0,0.0
988,China,CHN,2022,1449780.731,92148054.19238165,-90698273.46138164,,,9018885211.377232,,,44880146.70785239,2576786.4056089763,-257879759.35767093,107468167.286981,138078.5751070709,-0.0,13807857.202384787
1011,"China, Hong Kong SAR",HKG,2022,7488.865,748886.5,-741397.635,748886.5,,74888650.0,0.0,,0.0,0.0,,0.0,0.0,,0.0
1034,"China, Macao SAR",MAC,2022,695.168,69516.80530371092,-68821.63730371092,69516.8,,6951680.530371092,0.0,,0.0,0.0,,0.0,0.0,,0.0
1057,Colombia,COL,2022,51874.024,4256263.827506958,-4204389.803506957,3831210.241872089,-168913298.6709879,345712111.4105607,1228465.8813927341,-195427579.75307855,79565595.33617683,25957.69186796747,-11720705.176552251,0.0,91058.61149648215,-41115884.160024,0.0
1080,Comoros,COM,2022,836.774,24989.419004131316,-24152.645004131315,,,,,,,,,,,,
1103,Congo,COG,2022,5970.424,410383.0644284058,-404412.6404284058,,,,,,,,,,,,
1126,Cook Islands,COK,2022,17.011,1291.951524559021,-1274.940524559021,,,,,,,0.48293859349210894,,,0.0,,
1149,Costa Rica,CRI,2022,5180.829,425045.6113959503,-419864.7823959503,417095.99734956975,-34031950.99795167,34168502.852055945,100018.7554996106,-7806000.07487079,8272153.894281744,0.0,-0.0,0.0,0.0,-0.0,0.0
1172,Côte d'Ivoire,CIV,2022,28160.542,1482962.2824959946,-1454801.7404959947,1236026.8815441488,-39768866.267128356,87160914.88925976,815494.6699784034,-44678650.422967784,40608666.637509465,376358.30484631227,-31211083.053250257,9035890.719634188,155835.08906716452,-11287959.878732337,5239908.4590877555
1195,Croatia,HRV,2022,4030.358,234643.40416121678,-230613.04616121677,,,22654820.67176548,,,809519.7443561986,,,0.0,,,0.0
1218,Cuba,CUB,2022,11212.191,867834.8065404054,-856622.6155404054,,,,,,,24381.056594335634,-1970677.2513766498,1855186.892863203,2800.259647331936,-899166.1132582679,14057.52884177932
1241,Curaçao,CUW,2022,191.163,17018.28636669159,-16827.12336669159,,,,,,,,,,,,
1264,Cyprus,CYP,2022,1251.488,83738.30791552734,-82486.81991552735,124854.77883237571,,,0.0,,,246.47121760258483,-8781.377400352865,20238.406316088112,47.54995002171553,-3941.248124567299,2776.387870077065
1287,Czechia,CZE,2022,10493.986,780511.1851929628,-770017.1991929627,1027187.1512447218,-75200673.7859346,76458894.4580815,20961.159884850687,-1660594.4599235102,1516242.0248522344,703.931043279071,-140451.673438163,21346.253399041758,546.3578271484375,-0.0,54635.7829635074
1310,Democratic People's Republic of Korea,PRK,2022,26069.416,1640183.3866029053,-1614113.9706029054,1734434.7402457679,-78820922.98616987,126234426.56565094,713157.6046937797,-64437542.87920462,32721503.201261487,141467.38185518686,-17577595.990637437,3618813.163910651,,,0.0
1333,Democratic Republic of the Congo,COD,2022,99010.212,4637341.100021576,-4538330.888021575,1146967.5422614485,-2326411.72862592,111998520.42143786,2329931.159526821,-60315927.99064738,163037058.7753691,3269158.569436935,-244042318.83585882,43868902.42069381,782703.8038565761,-64073446.75638957,3956247.453699719
1356,Denmark,DNK,2022,5882.261,519797.7387586899,-513915.4777586899,587748.6321246057,,,477.46787539431995,,,0.0,-0.0,0.0,0.0,-0.0,0.0
1379,Djibouti,DJI,2022,1120.849,87852.14154149627,-86731.29254149627,,,,,,,7617.13077354325,-2665730.0479361685,16906.82237130692,2542.7143790032737,-860561.0893260405,13830.358055698893
1402,Dominica,DMA,2022,72.737,5215.242678024291,-5142.505678024291,,,,,,,,,,,,
1425,Dominican Republic,DOM,2022,11228.821,941514.1784105301,-930285.3574105301,504636.42994093755,-32453292.462913785,44136567.85993679,581802.804838672,-52601747.385508366,47925073.769964896,14435.379262381624,-578017.7785057637,1330845.9327231601,16961.505655975743,-6780525.253884654,374223.11104944354
1448,Ecuador,ECU,2022,18001.0,1162324.5645065308,-1144323.5645065308,1207678.301443499,-61000458.72740461,86769934.75226106,515077.5800649625,-39554491.17625642,29462521.698392015,46213.36228115853,-8291795.533867605,0.0,31130.75621037988,-5585611.013124449,0.0
1471,Egypt,EGY,2022,110990.103,4768911.650599377,-4657921.547599377,,,,,,,108960.28341279544,-5889752.426693877,2891861.8042089976,1578.252049477657,-109633.47146231227,8833.71595478994
1494,El Salvador,SLV,2022,6336.392,473753.00983520504,-467416.61783520505,,,37223181.60195609,,,10152119.381564412,0.0,-2.490896117822347e-09,0.0,7653.470301446272,-2237441.1386251044,0.0
1517,Equatorial Guinea,GNQ,2022,1674.908,123959.9446579895,-122285.0366579895,,,,,,,,,,,,
1540,Eritrea,ERI,2022,3684.032,157031.87805346682,-153347.8460534668,,,,,,,,,,,,
1563,Estonia,EST,2022,1326.062,92305.85129579162,-90979.78929579162,128653.71655641521,,,3952.4834435847797,,,0.0,-0.0,0.0,0.0,-0.0,0.0
1586,Eswatini,SWZ,2022,1201.67,29532.242176704414,-28330.572176704416,,,2289697.163972073,,,603147.6151640275,8929.81809152144,-270771.2040190752,26734.597649574913,11043.748345194836,-341661.17680828506,11337.305985424113
1609,Ethiopia,ETH,2022,123379.924,2795912.606491631,-2672532.682491631,1633290.8791679507,-15534003.607792681,107866084.4958825,4722374.169231121,-97293689.80647351,124857519.7204331,1978354.0350670486,-54336999.366139695,3829157.023877623,549385.0141955225,-14386701.395940732,3571851.463840482
1632,Falkland Islands (Malvinas),FLK,2022,3.78,299.78423492431637,-296.0042349243164,,,,,,,,,0.0,,,0.0
1655,Faroe Islands,FRO,2022,53.09,2271.137074356079,-2218.047074356079,,,,,,,0.0,,,0.0,,
1678,Fiji,FJI,2022,929.766,54139.34449912261,-53209.57849912261,38923.33446004336,-1437055.749706924,2843437.7405362297,49858.749563774436,-3408253.839964375,2498217.1490456,1805.6827516698172,-186560.80067003059,44398.916642586526,1690.5673980821534,-221785.66614477328,7177.114067146111
1701,Finland,FIN,2022,5540.745,474736.57099227904,-469195.82599227905,552091.0632324219,,,1983.4367675780968,,,0.0,-0.0,0.0,0.0,-0.0,0.0
1724,France,FRA,2022,64626.628,5267651.995209838,-5203025.367209839,6443542.715625,-511977696.1334482,526765199.5209838,19120.084374999722,-8324840.587535712,0.0,0.0,-0.0,0.0,0.0,-0.0,0.0
1747,French Guiana,GUF,2022,304.557,26282.965639732363,-25978.408639732363,27862.705045751714,,,874.9395936696835,,,1718.0553605786029,,,0.0,,
1770,French Polynesia,PYF,2022,306.279,19041.3648691864,-18735.0858691864,25057.683297280393,,,5570.216702719608,,,0.0,,,0.0,,
1793,Gabon,GAB,2022,2388.992,216765.190578125,-214376.198578125,,,,,,,8311.150786043614,-3597680.58699895,459659.7296603363,3889.548249232423,-3318359.466091301,46339.35311373494
1816,Gambia,GMB,2022,2705.992,172783.00440463258,-170077.01240463258,129007.228338,-2071374.893807559,11709415.11576972,102751.82122840088,-10920905.749313733,3994253.939854184,22711.517707094667,-1878142.3558484828,1190978.5242451623,138.7854018942637,-3610.513566196472,11802.029395247044
1839,Georgia,GEO,2022,3744.385,225775.19994251253,-222030.81494251252,258893.70987077,-8999686.600360213,19863526.422605786,96738.749242981,-10659252.158794576,2536848.5578882503,8525.848489526317,-1158518.0463006943,76886.91911932419,27.47120125604655,-1131.5647311449475,1989.4678226890476
1862,Germany,DEU,2022,83369.843,6473501.788069129,-6390131.945069129,8330015.573401246,-636707108.6549716,647325816.1689943,6968.606286253852,-2306085.851941206,24362.63791863461,0.12031249933844826,-0.0,0.0,0.0,-0.0,0.0
1885,Ghana,GHA,2022,33475.87,1962188.0485378266,-1928712.1785378265,1488607.7722991325,-36335760.60771134,122760704.45264031,1469574.8371817216,-106623856.40547726,70369291.68130921,54297.01345096852,-7559074.267663028,0.0,136364.8481469564,-18984318.411910217,0.0
1908,Gibraltar,GIB,2022,32.649,3264.899750907898,-3232.2507509078982,3264.9,,326489.97509078984,0.0,,0.0,0.0,,0.0,0.0,,0.0
1931,Greece,GRC,2022,10384.971,834505.0588683471,-824120.0878683471,1026862.2072465403,,,11634.887480022144,,,0.005273437463210848,-0.0,0.0,0.0,-0.0,0.0
1954,Greenland,GRL,2022,56.466,4953.592633804321,-4897.126633804321,,,,,,,0.0,,,0.0,,
1977,Grenada,GRD,2022,125.438,4624.648187828064,-4499.210187828064,,,,,,,,,,,,
2000,Guadeloupe,GLP,2022,395.752,38991.86193847656,-38596.10993847656,37877.274405771124,,,1653.3373532745918,,,44.58824095428185,,,0.0,,
2023,Guam,GUM,2022,171.774,16334.162021118163,-16162.388021118164,17015.89666519707,,,109.14661960292919,,,52.35671520000003,,,0.0,,
2046,Guatemala,GTM,2022,17843.908,939767.2652626343,-921923.3572626342,1004492.5562791538,-42408808.428584315,61596265.7165029,683828.5850821671,-41531779.135979466,30333362.928348422,49435.24718326444,-3582799.0485172765,1661131.953205674,28247.372046370372,-2946561.5130309914,125233.84079434008
2069,Guinea,GIN,2022,13859.341,522053.64663711557,-508194.30563711555,,,,,,,117038.89340336333,-6396972.185485187,829667.1912123079,110032.07215447492,-6388205.879946071,143883.86020488993
2092,Guinea-Bissau,GNB,2022,2105.566,94836.79897708129,-92731.23297708128,50263.233206688754,-1271090.349599162,3440122.931627276,79810.49262981515,-3599006.066778815,3489830.445273533,47287.36164605751,-3158247.5265410827,787542.0430249899,1881.9730523130388,-140918.6792916206,12344.134490445393
2115,Guyana,GUY,2022,808.726,21853.394996234892,-21044.668996234894,,,,,,,706.3439702709477,-25186.4358590077,0.0,645.5424442910248,-23018.31484679323,0.0
2138,Haiti,HTI,2022,11584.996,681429.4611845397,-669844.4651845397,,,,,,,264960.23340542,-29405041.96288245,5553448.974750022,0.0,-0.0,0.0
2161,Holy See,VAT,2022,0.51,51.0,-50.49,,,,,,,,,,,,
2184,Honduras,HND,2022,10432.86,621798.4798789215,-611365.6198789215,680293.3835244433,-27934034.211217754,48771062.232573554,319217.3257766158,-27559594.891178574,12921602.701834887,32718.972303694667,-4745875.965538681,0.0,0.0,-0.0,0.0
2207,Hungary,HUN,2022,9967.308,723148.1494833985,-713180.8414833986,996730.8,-71318084.14833985,72314814.94833985,0.0,-0.0,0.0,0.0,-0.0,0.0,0.0,-0.0,0.0
2230,Iceland,ISL,2022,372.899,35049.52444671631,-34676.62544671631,37289.9,,,0.0,,,0.0,-0.0,0.0,0.0,-0.0,0.0
2253,India,IND,2022,1417173.173,50836838.397285424,-49419665.224285424,,-3262526822.2674327,,,-1280235467.044846,,2808212.453668721,-112271351.48046517,74359563.03630319,765882.247085195,-34080153.823718525,13916396.51263215
2276,Indonesia,IDN,2022,275501.339,15960894.052352715,-15685392.713352716,8338369.456420119,-380463292.0688241,552729531.8926488,17588288.101649746,-1004415675.1750066,1016710708.7535363,1155537.6860166856,-134826374.0157763,15936520.253676554,229356.48996032792,-29789310.34966461,925651.0025983028
2299,Iran (Islamic Republic of),IRN,2022,88550.57,6801302.884141694,-6712752.3141416935,8343345.523681735,-588614503.9956434,654249066.4324161,307264.7374658222,-44921277.995165005,16982895.504942782,28878.328400877606,-6903869.098077999,775571.5511334346,5943.880937851338,-1815639.673539261,38896.66532433617
2322,Iraq,IRQ,2022,44496.122,3174976.463000977,-3130480.341000977,2658315.409385641,-149146929.56477597,205103479.50986308,1719339.997451358,-147720111.15704098,111786892.31251839,0.0,-2.780425082172165e-09,0.0,32753.066464370237,-8044088.159860489,0.0
2345,Ireland,IRL,2022,5023.109,322398.236525383,-317375.127525383,482175.2905780975,,,0.0,,,20135.6094219025,-939679.4928994842,1480878.3563999606,0.0,-0.0,0.0
2368,Isle of Man,IMN,2022,84.519,4502.411641262055,-4417.892641262055,8427.375239164821,,,14.70801530614753,,,9.816745529030824,,,0.0,,
2391,Israel,ISR,2022,9038.309,838420.731137062,-829382.422137062,899051.044881866,-82424829.04682893,83404574.65799254,4779.855118133948,-513413.16687727027,437498.45571365854,0.0,-0.0,0.0,0.0,-0.0,0.0
2414,Italy,ITA,2022,59037.474,4230448.587910446,-4171411.1139104464,5473397.131460446,,,425452.1698459229,,,4898.098693631591,,,0.0,,
2437,Jamaica,JAM,2022,2827.377,161183.10637659076,-158355.72937659075,,,,,,,5245.5812190839915,-406811.418206941,212288.51866069034,4852.262809295511,-560639.2313101995,54876.972601362926
2460,Japan,JPN,2022,123951.692,11397978.064822325,-11274026.372822326,12228894.22768019,,,59272.70395746717,,,107002.2683623424,,,0.0,,
2483,Jordan,JOR,2022,11285.869,1036347.4458222352,-1025061.5768222352,967302.0247880456,,,149653.49128288333,,,9330.462836073277,-2421141.23473474,715179.3935566944,676.2966495629886,-40858.9544521343,63953.00088169013
2506,Kazakhstan,KAZ,2022,19397.998,1124889.9365788954,-1105491.9385788955,,,,,,,,,0.0,,,0.0
2529,Kenya,KEN,2022,54027.487,1566905.1186176303,-1512877.6316176304,,,,,,,504791.0493117812,-17432380.638633117,6279979.176668377,1033932.7638272963,-37056884.03496235,9436955.210178984
2552,Kiribati,KIR,2022,131.232,7487.835780395508,-7356.603780395508,1891.587846693206,-47821.81739517931,152525.93497002762,8041.901011142954,-390118.2427333278,505348.6069977989,2625.4688006502074,-282131.41384080885,46426.33852015039,0.0,-0.0,0.0
2575,Kuwait,KWT,2022,4268.873,426887.29999999993,-422618.4269999999,426887.29999999993,,42688729.99999999,0.0,,0.0,0.0,,0.0,0.0,,0.0
2598,Kyrgyzstan,KGZ,2022,6630.623,248389.75849017332,-241759.13549017333,507157.469944996,-16266756.856478544,22814517.348702118,94875.29687567128,-4469097.926293191,1821998.9888469744,12251.90751102048,-714300.0148640972,0.0,29777.246583709046,-1736049.8277120134,0.0
2621,Lao People's Democratic Republic,LAO,2022,7529.475,283048.0170767784,-275518.5420767784,134567.3462141831,-3411294.0053698607,7638740.48992811,508915.1433578047,-18209461.36692268,19835106.461008277,78846.02788144595,-4135800.458322061,830954.7567414541,4311.26740472625,-252784.73453582046,0.0
2644,Latvia,LVA,2022,1850.651,126843.6212343216,-124992.9702343216,179719.0731179653,,,3298.3322371584127,,,780.4893518885002,-141133.47232367253,12308.642922521216,0.0,-0.0,0.0
2667,Lebanon,LBN,2022,5489.739,490025.0883141403,-484535.3493141403,261860.5503,,,246489.28109999993,,,0.0,,,0.0,,
2690,Lesotho,LSO,2022,2305.825,69043.32420258521,-66737.49920258521,65064.58792861585,-616946.7600034395,5013129.394769341,105498.92102355004,-3778007.5556159974,1405164.398153016,23639.73011090792,-871448.4570472381,254618.81604375472,11856.964163490105,-471159.42021301703,45247.50247176275
2713,Liberia,LBR,2022,5302.681,281386.7599828758,-276084.0789828758,,,,,,,24454.923618786186,-1525701.502471798,1070118.339523171,51971.19068646842,-5765164.7489653295,0.0
2736,Libya,LBY,2022,6812.341,553856.9093133163,-547044.5683133163,,,,,,,738.9768730821886,,,0.0,,
2759,Liechtenstein,LIE,2022,39.327,571.7359677057266,-532.4089677057266,3932.7,,,0.0,,,0.0,,,0.0,,
2782,Lithuania,LTU,2022,2750.055,188282.52648525237,-185532.47148525238,261204.33927876982,,18701029.954394802,8409.407470821221,,127222.69413043575,5391.75325040895,-1153496.1498520302,0.0,0.0,-0.0,0.0
2805,Luxembourg,LUX,2022,647.599,59502.04652536774,-58854.44752536774,64458.17194157255,-5680910.133126052,5938304.2432317,227.86798967933228,-121858.13360127532,11900.409305073717,73.860068748122,-82676.4858094464,0.0,0.0,-0.0,0.0
2828,Madagascar,MDG,2022,29611.714,1180974.3768443223,-1151362.6628443224,658541.5192148149,-11053691.707945127,48763315.12520646,924674.9292447593,-30427574.099841505,45421430.31935773,904714.3548338955,-49538302.5309941,13877035.93513929,339496.6600896601,-21240970.658999622,1107612.8503885
2851,Malawi,MWI,2022,20405.317,366887.5903191872,-346482.2733191872,362338.838709938,-3523225.590331613,19215333.565335304,1104230.2637682902,-20311181.978989817,12312117.359849513,108186.51022513647,-1948962.735813629,1404406.7808184768,40156.81081042239,-812586.4474278314,90572.49153697878
2874,Malaysia,MYS,2022,33938.221,2654444.170579422,-2620505.949579422,3188221.6696141427,,,109095.71400087775,,,84567.39249906946,-24640992.053282626,1265368.8009280208,,,238899.97535214794
2897,Maldives,MDV,2022,523.787,21756.016464351655,-21232.229464351654,,,,,,,206.53203339904377,-0.0,20653.228902355262,0.0,-0.0,0.0
2920,Mali,MLI,2022,22593.59,1026584.9550355148,-1003991.3650355148,,,,,,,248785.65250195106,-19875408.590494536,474083.45848723524,15510.565537924751,-1263205.8731632894,0.0
2943,Malta,MLT,2022,533.286,50595.509249999996,-50062.223249999995,53207.2323873275,,,121.36761267249452,,,0.0,-0.0,0.0,0.0,-0.0,0.0
2966,Marshall Islands,MHL,2022,41.569,3263.998057601929,-3222.429057601929,,,,,,,160.7918088995819,-25107.305793302294,9122.215651144788,0.0,-0.0,0.0
2989,Martinique,MTQ,2022,367.507,32805.51213069153,-32438.00513069153,36298.530855367295,,,347.8729053565838,,,104.29623927612143,,,0.0,,
3012,Mauritania,MRT,2022,4736.139,269595.24188689044,-264859.1028868904,,,,,,,62863.9173178617,-7983275.308267172,136943.6893531444,0.0,-0.0,0.0
3035,Mauritius,MUS,2022,1299.469,53031.33167454912,-51731.86267454912,,,,,,,0.0005859375016834751,-0.0,0.0,0.0,-0.0,0.0
3058,Mayotte,MYT,2022,326.101,14833.030105903628,-14506.929105903628,30151.659444764795,,,1275.0786283715088,,,1183.3619268636967,,,,,
3081,Mexico,MEX,2022,127504.125,10366085.75161171,-10238581.62661171,5487507.157471826,,,7225473.885898759,,,37431.45662941494,-16073594.886710389,0.0,0.0,-0.0,0.0
3104,Micronesia (Federated States of),FSM,2022,114.164,2650.545479995728,-2536.3814799957277,,,,,,,,,,,,
3127,Monaco,MCO,2022,36.469,3646.900278236388,-3610.431278236388,3646.9,,364690.0278236388,0.0,,0.0,0.0,,0.0,0.0,,0.0
3150,Mongolia,MNG,2022,3398.366,234249.369417099,-230851.00341709898,133488.34337794408,-2936620.1323167845,12005675.60986914,150313.37187674025,-10853399.983863622,10067181.097363003,14292.496628993145,-2744771.8239814234,173838.46915697565,17323.696673444083,-3787572.327842837,0.0
3173,Montenegro,MNE,2022,627.082,42744.41836657715,-42117.33636657715,53376.541329247426,,3732405.4241255377,8619.21427519566,,507487.7912964287,363.70826574597277,-76730.76954144135,0.0,3.249917708995822,-685.6310571303484,0.0
3196,Montserrat,MSR,2022,4.39,40.37921979904174,-35.98921979904174,,,,,,,8.439851289073738,,,0.0,,
3219,Morocco,MAR,2022,37457.971,2419634.834083145,-2382176.863083145,2802762.6894576643,-111160954.09616843,218392756.0445848,456809.6629707744,-45088829.3711517,20579933.470763687,410075.31056161673,-68289226.1769938,2990793.892966015,0.0,-0.0,0.0
3242,Mozambique,MOZ,2022,32969.518,1259006.9929213484,-1226037.4749213485,,,,,,,550163.8694516476,-29113753.949011274,6622901.457148292,340459.93318463373,-18928801.53461173,2582149.7141205035
3265,Myanmar,MMR,2022,54179.306,1721330.8293045615,-1667151.5233045614,3109702.502802541,-84041411.44540605,124623989.60314207,1353829.293174584,-44551959.58346422,36597212.98824485,312799.03408428415,-12952223.8015963,2560733.775570618,603830.2327675808,-23466166.597997755,8351146.563498615
3288,Namibia,NAM,2022,2567.012,138505.70276223755,-135938.69076223756,,,,,,,9364.261446597291,-972132.5249958263,91179.39995606427,8564.121429714216,-903602.1254075834,70751.34029999004
3311,Nauru,NRU,2022,12.668,1266.8,-1254.132,,,,,,,,,,,,
3334,Nepal,NPL,2022,30547.58,655276.1451056673,-624728.5651056673,492324.2623969585,-8866470.695932392,15177740.32827352,2294687.146969048,-48347107.927592486,43775258.60828721,104868.7347391916,-1721527.1300303142,3874760.9658926823,35339.29093488635,-768591.9645227062,581891.122293285
3357,Netherlands (Kingdom of the),NLD,2022,17564.014,1631451.0322765808,-1613887.0182765808,1755837.4403945021,,,563.9145859667547,,,0.045019531047435564,-0.0,0.0,0.0,-0.0,0.0
3380,New Caledonia,NCL,2022,289.95,20970.632865142823,-20680.682865142822,28086.08950602435,,,775.1487268954073,,,133.76176708024266,,,0.0,,
3403,New Zealand,NZL,2022,5185.288,450518.53695672605,-445333.24895672605,518528.79999999993,,,0.0,,,0.0,-0.0,0.0,0.0,-0.0,0.0
3426,Nicaragua,NIC,2022,6948.392,413818.4587616272,-406870.0667616272,,,,,,,,,,,,
3449,Niger,NER,2022,26207.977,442757.5898315316,-416549.61283153156,,,,,,,750827.5292458145,-14219441.400660817,732638.9579506936,73957.0099890026,-1338407.9986042054,397479.483042773
3472,Nigeria,NGA,2022,218541.212,11696544.187443957,-11478002.975443957,6334391.870226537,-243478472.41310748,417970401.1054911,11070101.007054847,-485134910.5907735,677684961.4239563,2498035.535817705,-246706158.69233522,31478394.292919602,1011411.071466681,-104887124.45177256,8320169.381994386
3495,Niue,NIU,2022,1.934,91.99458059692383,-90.06058059692383,180.9092552385868,,,6.70977929030158,,,5.780965471111605,,,0.0,,
3518,North Macedonia,MKD,2022,2093.599,123769.39373233795,-121675.79473233795,168423.81291499935,-9055284.962301424,10472614.121048145,36419.2766480831,-2800284.9482668466,1672120.7692464436,1103.1381314784892,-107916.61838088467,34402.5330654068,98.87415603515632,-14055.98780747968,0.0
3541,Northern Mariana Islands,MNP,2022,49.551,4557.849717681885,-4508.298717681884,4491.261773195876,,,463.8382268041242,,,0.0,,,0.0,,
3564,Norway,NOR,2022,5434.319,454656.87277642824,-449222.5537764282,537036.3061460996,,,6395.593853900485,,,0.0,-0.0,0.0,0.0,-0.0,0.0
3587,Oman,OMN,2022,4576.298,401570.1495,-396993.8515,415764.67785364354,,,7268.166324453404,,,1063.6897002276392,-753259.7931838408,0.0,123.15729716080321,-87215.47501330634,0.0
3610,Pakistan,PAK,2022,235824.862,8897907.63062748,-8662082.76862748,11933157.449237082,-405866098.39702654,505262688.9954108,9438648.445370775,-367327049.3571873,321145926.3910597,892801.387512808,-41154987.82764094,19511252.795650255,269346.3313001661,-14273520.134903973,2737147.649560085
3633,Palau,PLW,2022,18.055,1479.7156031417846,-1461.6606031417846,1632.909521811714,-84025.27587219376,144562.85723732444,164.83494281768625,-61217.66289505023,2838.9025801843063,7.755535370599622,-923.1215469344734,569.800496669724,0.0,-0.0,0.0
3656,Panama,PAN,2022,4408.581,304813.69380850985,-300405.11280850985,,,,,,,9412.88806005511,-2078496.2396422175,0.0,6021.706644077968,-1329677.2994462822,0.0
3679,Papua New Guinea,PNG,2022,10142.619,137757.0586866761,-127614.43968667608,,,,,,,266528.0731014989,-3752977.9383592694,875920.2849286625,213739.7243240948,-2981105.741965179,898595.6418820352
3702,Paraguay,PRY,2022,6780.744,425952.78197222896,-419172.03797222895,435463.4770831374,-21264046.818274446,30756549.73767161,239887.72737602194,-20280608.41208858,11790488.683252439,0.010351562433604527,-0.0,0.0,0.0,-0.0,0.0
3725,Peru,PER,2022,34049.588,2679974.978538666,-2645925.390538666,1770075.040887256,-60885093.53100875,160324980.71397308,1458023.7063017061,-163854032.00074548,100906347.65968147,110960.27936449913,-21750340.589887198,5136436.053803481,45963.529111197844,-15713690.706907064,290799.98698304594
3748,Philippines,PHL,2022,115559.009,5544174.712329662,-5428615.703329663,5535496.56932206,-189889555.6958642,343263270.9501553,5428315.948851962,-310646592.90055513,198817147.2321588,265734.77010381425,-20539638.901287686,3827577.2136882795,0.0,-0.0,0.0
3771,Poland,POL,2022,39857.145,2396769.512425289,-2356912.367425289,3543878.09149905,,,57995.36597317316,,,383841.04252777656,-41940321.827273,10109454.102243155,0.0,-0.0,0.0
3794,Portugal,PRT,2022,10270.865,692061.1990737533,-681790.3340737533,977341.9686747848,-62171716.95310918,67183603.04485844,42148.29216563758,-4544500.807178019,1981704.4183736844,7596.23915957769,-1462815.647088135,40812.44414321088,0.0,-0.0,0.0
3817,Puerto Rico,PRI,2022,3252.407,304457.8212551117,-301205.4142551117,324827.99423909164,,,412.7057609083696,,,0.0,,,0.0,,
3840,Qatar,QAT,2022,2695.122,267674.1289344635,-264979.0069344635,260496.5211659363,,,8985.95741063056,,,29.721423433097033,,,0.0,,
3863,Republic of Korea,KOR,2022,51815.81,4219206.062072754,-4167390.252072754,5144280.021362736,,,37300.978637263535,,,0.0,,,0.0,,
3886,Republic of Moldova,MDA,2022,3272.996,141305.05740672303,-138032.06140672302,246208.97084798693,,,54986.09051742602,,,21048.883708906727,-1478923.9705276117,112077.24723503887,0.0,-0.0,0.0
3909,Réunion,REU,2022,974.052,97138.30773065185,-96164.25573065186,93268.980556414,,,4081.1375685036323,,,55.0818750823752,,,0.0,,
3932,Romania,ROU,2022,19659.267,1071213.7683654327,-1051554.5013654327,1613481.7473000141,-70086177.34034218,101715501.04926023,352444.912856236,-35069272.7962011,5405875.787283041,0.039843749936607,-0.0,0.0,0.0,-0.0,0.0
3955,Russian Federation,RUS,2022,144713.314,10871732.348070603,-10727019.034070604,11031945.570527025,,,3012712.795874415,,,337361.9795709359,-74187368.61739501,6667241.772562818,,,2174346.4696141207
3978,Rwanda,RWA,2022,13776.698,244136.87450749206,-230360.17650749205,,,13326901.240836646,,,8190432.7084535705,142148.5309434947,-2742461.9296800927,720023.1290502845,72418.21275189833,-1389814.3585675284,402964.2522317637
4001,Saint Barthelemy,BLM,2022,10.967,,,1096.7,,,0.0,,,0.0,,,0.0,,
4024,Saint Helena,SHN,2022,5.374,217.3299236679077,-211.9559236679077,479.52008536,,,53.04331464000003,,,4.836599999999954,,,0.0,,
4047,Saint Kitts and Nevis,KNA,2022,47.657,1476.9380499134065,-1429.2810499134066,,,,,,,,,,,,
4070,Saint Lucia,LCA,2022,179.857,3426.276055830002,-3246.419055830002,,,,,,,232.8758276808141,-4713.228832348932,2149.847486380266,0.0,-0.0,0.0
4093,Saint Martin (French part),MAF,2022,31.791,,,3071.9250620438656,,,104.83301659508538,,,2.341921361049038,,,0.0,,
4116,Saint Pierre and Miquelon,SPM,2022,5.862,527.7675704040528,-521.9055704040528,,,,,,,,,,,,
4139,Saint Vincent and the Grenadines,VCT,2022,103.948,5600.1984999999995,-5496.250499999999,,,,,,,,,,,,
4162,Samoa,WSM,2022,222.382,3917.4811389427196,-3695.0991389427195,13830.317687210007,-207681.49075651277,353323.5001429523,8193.865087601496,-157511.92513204966,38424.613751319645,129.88749566246236,-2619.688499559407,0.0,21.187053677464103,-427.3209279260768,0.0
4185,San Marino,SMR,2022,33.66,3289.659196014404,-3255.9991960144043,3365.9999999999995,,,0.0,,,0.0,,,0.0,,
4208,Sao Tome and Principe,STP,2022,227.38,17225.173010253908,-16997.793010253907,8254.051306036397,-404667.6545892787,694160.8684757836,9331.771771234895,-804254.2846578895,672336.5374237101,105.65613000708137,-32577.27806836108,0.0,425.39825496545603,-131163.7402967652,0.0
4231,Saudi Arabia,SAU,2022,36408.82,3084882.774224701,-3048473.954224701,,,,,,,24679.080078125375,-0.0,2467906.2193797957,0.0,-0.0,0.0
4254,Senegal,SEN,2022,17316.449,849995.1902481079,-832678.7412481079,462220.8806047923,-10533321.75000078,35069286.36169496,1031318.9292424722,-53559900.47651038,46422060.73677254,187895.71744329913,-15035285.551574845,2870042.7679139157,2918.86822180309,-275674.05710190436,0.0
4277,Serbia,SRB,2022,7221.365,410700.6720313072,-403479.3070313072,542145.765389837,-26862026.93268946,33480433.557182223,148780.98495326965,-11900001.999703657,5692777.64622054,3143.06482552745,-225249.46079907214,140441.8276023327,116.84829527045098,-15138.229730727695,0.0
4300,Seychelles,SYC,2022,107.118,6255.262718193055,-6148.144718193054,,,,,,,383.6063156485074,,,,,
4323,Sierra Leone,SLE,2022,8605.718,377197.2038600694,-368591.4858600694,88315.48083389534,-3211193.038650828,4620357.261452703,473983.14784072223,-16714275.837107599,25479045.43126471,143926.12398857754,-8720657.153002301,2956253.0330454814,90365.99118196385,-6400106.289199187,643435.7061052583
4346,Singapore,SGP,2022,5975.689,597568.9,-591593.211,597568.9,,59756890.0,0.0,,0.0,0.0,,0.0,0.0,,0.0
4369,Sint Maarten (Dutch part),SXM,2022,44.175,4417.5,-4373.325,,,,,,,,,,,,
4392,Slovakia,SVK,2022,5643.453,304232.88848785404,-298589.43548785406,559744.3614174869,,,3399.492939184091,,,0.011914062539274977,-0.0,0.0,0.0,-0.0,0.0
4415,Slovenia,SVN,2022,2119.844,118183.4216795349,-116063.57767953491,208326.22953442836,,,2598.24846557164,,,1059.922,,,0.0,,
4438,Solomon Islands,SLB,2022,724.273,18529.800166763303,-17805.527166763302,,,,,,,,-606566.8072899659,,,,
4461,Somalia,SOM,2022,17597.511,832784.5665272597,-815187.0555272596,,,,,,,209224.95233076438,-16622183.156699706,2021055.3577438288,25672.305520626207,-2257657.7533023823,0.0
4484,South Africa,ZAF,2022,59893.885,4092849.033594589,-4032955.1485945894,,,329409142.3272126,,,76213844.84693094,67011.08926984538,-13209804.168955006,489057.02343895606,98528.63735300905,-20606726.540190443,162333.48263167424
4507,South Sudan,SSD,2022,10913.164,227495.8240709534,-216582.6600709534,,,,,,,147537.02382424116,-3056218.7421042905,2564249.8103714897,87512.75289479115,-2194176.0467499723,0.0
4530,Spain,ESP,2022,47558.63,3866706.8941584774,-3819148.2641584775,4735276.896844662,-376703981.19632536,385825234.9010805,17026.69988051057,-5210845.21952237,489505.60615439445,3559.403274827607,-0.0,355948.9086128425,0.0,-0.0,0.0
4553,Sri Lanka,LKA,2022,21832.143,415378.3323969441,-393546.18939694413,1028895.0369372487,-15229657.776450643,34476858.20589309,920935.9967520457,-19102023.982615273,6286024.063227706,148632.54211983684,-3176366.2628302933,594799.2380920796,45588.340877033675,-1014863.2829841169,0.0
4576,State of Palestine,PSE,2022,5250.072,405783.3168746338,-400533.2448746338,421739.24173809786,-30589232.58829677,33068643.6662294,95102.20792986972,-9464091.899166608,6693111.569227947,1763.4466059376439,-0.0,176346.09252462347,30.475354180031268,-0.0,3047.5353555127526
4599,Sudan,SDN,2022,46874.204,1685408.9391044616,-1638534.7351044617,,,,,,,185067.08123653586,-10101194.323123766,6.268452363837282e-09,106445.04591418992,-5402998.364827895,745499.6831685798
4622,Suriname,SUR,2022,618.04,40980.38250488281,-40362.34250488281,34484.25379715963,-1647064.7195032407,2598676.754407594,26079.348164489144,-2250904.800088907,1446654.7357356313,233.2121809341088,-6449.974771342721,19993.652697925863,348.371443945484,-67223.06652829338,155.61834570064158
4645,Sweden,SWE,2022,10549.347,933532.7805983047,-922983.4335983047,1052180.053095189,,,0.0,,,2754.64690481105,-380596.4844315202,225403.29482863145,0.0,-0.0,0.0
4668,Switzerland,CHE,2022,8740.472,647599.0764973755,-638858.6044973755,845203.658642578,,,28843.541357421906,,,0.0,-0.0,0.0,0.0,-0.0,0.0
4691,Syrian Arab Republic,SYR,2022,22125.249,1256028.2827628974,-1233903.0337628974,,,,,,,1965.9950834301,-0.0,196599.7368405777,51.000926993147274,-0.0,5100.092546844966
4714,Tajikistan,TJK,2022,9952.787,278359.56989985664,-268406.7828998566,550310.5015226937,,,265219.94511738373,,,33936.80727027539,-1111393.83077349,425129.75359489536,120355.8516265288,-4296803.382925901,558749.3105072195
4737,Thailand,THA,2022,71697.03,3791984.4887964246,-3720287.458796425,,,,,,,0.0,-0.0,0.0,0.0,-0.0,0.0
4760,Timor-Leste,TLS,2022,1341.296,43020.72966412354,-41679.433664123535,,,,,,,10507.114657966027,-480667.3096913025,0.0,4340.754556422571,-198575.8299357466,0.0
4783,Togo,TGO,2022,8848.699,388643.68771581276,-379794.98871581274,171822.18277530724,-3078914.624348784,13159421.14748191,456353.29542343563,-19126447.45871397,20645415.62173457,113014.79809126786,-5769587.894352691,3763145.517402711,88950.49685275476,-6617825.333497154,248442.35180461753
4806,Tokelau,TKL,2022,1.871,0.0,1.871,,,,,,,0.546936980229049,0.546936980229049,,0.0,0.0,
4829,Tonga,TON,2022,106.858,2471.09125,-2364.2332499999998,3155.378005750891,-54697.560169597054,125486.95581165566,7403.482826381895,-178370.4267210713,120586.63251315494,32.66797784091336,-744.2258014004177,680.9264975443893,0.0,-0.0,0.0
4852,Trinidad and Tobago,TTO,2022,1531.044,81665.88719361878,-80134.84319361878,,,,,,,0.0,,,0.0,,
4875,Tunisia,TUN,2022,12356.117,867572.3605759658,-855216.2435759659,918102.2491149043,-57367538.40997145,67122304.40219846,282686.5925180006,-22527656.09971793,18573960.87231824,14938.383539918847,-2775733.073845888,299310.72831087274,18.823009991197186,-0.0,1882.3009932502766
4898,Türkiye,TUR,2022,85341.241,6573153.3351604305,-6487812.09416043,,,,,,,62901.97142071155,-5114054.156930479,4744482.117514259,18915.027183593793,-3256881.6712685516,907095.1602521387
4921,Turkmenistan,TKM,2022,6430.77,344007.6070437241,-337576.8370437241,610154.9475486845,-31174393.50677949,33397169.100176316,32922.0524513155,-2583290.197592921,1003591.6041960943,0.0,-0.0,0.0,0.0,-0.0,0.0
4944,Turks and Caicos Islands,TCA,2022,45.703,4298.229907104493,-4252.526907104492,2151.9292821739914,-236659.71921352303,200051.80445187291,2363.6889873718033,-153671.67275400308,226537.22051787318,9.762499160513716,-13161.655828026567,134.19073769976143,0.0,-0.0,0.0
4967,Tuvalu,TUV,2022,11.312,741.2414288330077,-729.9294288330077,98.49472212030953,-3916.048218158122,7757.356944678603,1024.2909981069906,-68886.89022838688,65626.86583370728,3.87129102002349,-190.0044367557708,285.62121650776675,0.0,-0.0,0.0
4990,Uganda,UGA,2022,47249.585,1236001.912760258,-1188752.327760258,882689.493765124,-11088249.799312243,55725227.66918567,1917302.439177195,-50511522.71484161,43480259.310710646,535534.9891339829,-15719967.494656127,7415819.227363377,213116.8336902563,-6845422.076202685,1220550.5903154346
5013,Ukraine,UKR,2022,39701.739,2775906.1411539917,-2736204.4021539916,3478695.1554970923,-235623918.65163466,245027024.09992182,236982.59280995795,-37996521.5637645,7113961.709703739,10247.59141527457,-0.0,1024771.5171979704,19158.55557026937,-0.0,1915855.6167037797
5036,United Arab Emirates,ARE,2022,9441.129,826504.8211622087,-817063.6921622087,,,,,,,0.0,-0.0,0.0,0.0,-0.0,0.0
5059,United Kingdom,GBR,2022,67508.936,5697619.357705994,-5630110.421705994,6737671.772755045,,,13221.684276204676,,,0.14296875017590235,-0.0,0.0,0.0,-0.0,0.0
5082,United Republic of Tanzania,TZA,2022,65497.748,2402588.590020431,-2337090.842020431,742459.7130371663,-7344274.9594962085,61213499.73754534,3239224.1707171365,-107216328.24729906,133666194.28727849,712216.7099310408,-38918284.08979162,2160866.228775483,795146.8577863731,-41715231.06103421,5490676.007858383
5105,United States Virgin Islands,VIR,2022,99.465,9562.167397842408,-9462.702397842408,,,,,,,,,,,,
5128,United States of America,USA,2022,338289.857,28106474.355102558,-27768184.498102557,32972567.290649697,,2743012882.0775566,844278.148360148,,66420464.54904038,12140.260990158007,-0.0,1214088.883658931,0.0,-0.0,0.0
5151,Uruguay,URY,2022,3422.794,327520.32438882446,-324097.53038882447,,,30979736.31123729,,,1673242.5524387986,0.0,-0.0,0.0,0.0,-0.0,0.0
5174,Uzbekistan,UZB,2022,34627.652,1747519.2041882325,-1712891.5521882325,2764855.2013177825,-121167849.28757453,155151119.10294297,580965.8371703783,-41972149.63958625,16066739.724519903,4151.72068777146,-0.0,415175.5213784838,50325.26710019949,-4582514.548493379,443713.05093601457
5197,Vanuatu,VUT,2022,326.74,8435.119835014344,-8108.379835014344,,,474574.5978104736,,,362167.5988117566,758.6679482718314,-24273.432491588548,3304.7780490405476,1900.4702997154552,-63074.46055092622,1494.6472236574045
5220,Venezuela (Bolivarian Republic of),VEN,2022,28301.696,2501247.2424482424,-2472945.5464482424,,,,,,,175453.1362682236,,,,,
5243,Viet Nam,VNM,2022,98186.856,3806311.545831848,-3708124.689831848,5673375.123111379,-172036440.72374856,288396665.1734557,3944696.721071223,-188512216.3781393,88814920.50093906,200613.75581739753,-10263811.881296938,3419568.9087900324,0.0,-0.0,0.0
5266,Wallis and Futuna Islands,WLF,2022,11.572,0.0,11.572,797.0860293863914,797.0860293863914,,351.5149820319365,351.5149820319365,,8.598988581672055,8.598988581672055,,0.0,0.0,
5289,Western Sahara,ESH,2022,575.986,50106.172248764036,-49530.18624876404,,,,,,,,,,,,
5312,Yemen,YEM,2022,33696.614,1320502.9001769486,-1286806.2861769486,,,,,,,214687.3206892908,-12493121.131570013,1574212.078898455,81722.32203117746,-5131901.847650336,0.0
5335,Zambia,ZMB,2022,20017.675,916028.7810799598,-896011.1060799598,,,41657121.038244516,,,39460925.707094364,373743.9256124785,-25286644.626659896,6733377.401879098,133698.10111833678,-10601920.251591459,522966.19521966507
5358,Zimbabwe,ZWE,2022,16320.537,528703.7413280412,-512383.2043280412,432762.3425898004,-6471867.6992815435,29339916.56174604,583913.3504008658,-17966512.09422455,19702811.393656835,266274.99641020986,-11842960.041830568,1125237.5512450652,112186.18065230083,-5209799.230674305,0.0
